City,Day,Temperature,Max_Temperature,Min_Temperature,Humidity,Rainfall,Wind_Speed,AQI
Mumbai,1,31.5,33.51,31.2,67.05,0,13.63,128
Mumbai,2,21.08,24.76,20.06,54.9,0,19.07,218
Mumbai,3,40.36,41.16,37.48,36.41,0,22.61,268
Mumbai,4,25.61,26.52,25.58,65.96,9.24,15.33,276
Mumbai,5,24.49,27.33,20.58,54.97,0,32.45,162
Mumbai,6,20.6,23.44,17.18,50.01,0,20.64,229
Mumbai,7,28.05,28.53,25.35,55.82,81.29,18.3,235
Mumbai,8,36.78,38.7,35.64,71.16,102.35,29.88,181
Mumbai,9,39.8,41.98,36.61,88.65,36.22,32.49,114
Mumbai,10,40.81,41.63,37.4,36.89,0,18.17,89
Mumbai,11,26.34,26.96,23.76,49.77,0,25.63,260
Mumbai,12,39.2,41.07,38.89,42.79,0,9.45,225
Mumbai,13,27.71,29.17,25.27,53.38,0,26.1,268
Mumbai,14,31.67,34.7,28.82,65.97,127.44,33.49,261
Mumbai,15,23.13,26.6,21.24,35.73,0,30.71,271
Mumbai,16,24.49,24.94,20.71,69.74,0,13.33,230
Mumbai,17,31.97,32.84,31.62,43.14,0,23.86,138
Mumbai,18,26.65,28.54,25.95,85.82,0,6.76,241
Mumbai,19,23.19,23.39,20.19,64.26,119.28,19.6,300
Mumbai,20,35.11,37.14,31.85,54.87,0,33.46,165
Mumbai,21,20.96,24.83,18.32,61.12,0,6.32,239
Mumbai,22,32.03,33.98,28.61,53.07,25.86,16.4,214
Mumbai,23,29.85,30.55,26.89,45.1,0,13.2,243
Mumbai,24,22.09,23.04,21.7,77.02,69.43,34.89,155
Mumbai,25,24.99,28.04,21.58,55.45,0,20.23,176
Mumbai,26,26.04,27.45,24.55,54.13,80.5,8.54,292
Mumbai,27,28.42,30.16,25.91,62.79,4.2,31.58,246
Mumbai,28,32.39,33.77,28.49,77.23,68.97,14.39,207
Mumbai,29,21.19,21.73,18.3,83.17,23.27,15.16,134
Mumbai,30,31.38,32.89,30.12,64.64,0,25.88,56
Delhi,1,23.96,24.52,22.57,48.86,0,12.26,57
Delhi,2,28.61,28.76,26.63,88.89,0,32.69,244
Delhi,3,24.94,25.93,21.22,41.51,0,31.92,97
Delhi,4,36.37,39.88,35.89,79.79,28.9,16.9,273
Delhi,5,21.01,23.56,19.43,71.9,1.41,33.24,137
Delhi,6,38.55,41.61,34.84,58.9,0,32.24,108
Delhi,7,31.04,33.21,30.51,41.1,132.14,17.68,64
Delhi,8,38.19,39.43,34.38,74.82,89.61,17.97,75
Delhi,9,41.91,44.4,39.05,86.16,0,8.83,292
Delhi,10,32.91,33.18,29.35,77.47,33.84,29.46,281
Delhi,11,35.49,37.23,31.95,42.37,0,8.26,268
Delhi,12,34.82,35.78,33.08,39.48,0,34.83,277
Delhi,13,32.83,34.33,31.81,87,0,8.82,244
Delhi,14,40.03,40.51,36.55,72.39,0,12.56,118
Delhi,15,29.52,29.96,27,65.01,0,30.48,240
Delhi,16,38.76,40.9,38.08,63.44,0,9.92,164
Delhi,17,28.51,29.93,26.1,88.77,0,6.68,149
Delhi,18,29.93,32.36,29.4,69.21,0,17.71,259
Delhi,19,37.15,38.76,33.39,70.27,127.99,11.64,127
Delhi,20,22.34,24.79,20.75,50.4,0,15.32,203
Delhi,21,26.71,29.45,24.56,72.24,0,21.79,77
Delhi,22,36.45,40.45,32.46,55.63,0,13.43,134
Delhi,23,36,38.35,34.42,40.44,145.7,17.03,133
Delhi,24,31.02,31.3,27.51,85.19,62.15,30.98,80
Delhi,25,20.99,23.29,19.93,72.78,114.25,16.33,120
Delhi,26,34.89,36.54,33.13,76.52,0,8.53,129
Delhi,27,31.78,34.58,29.05,89.96,0,8.78,243
Delhi,28,29.39,31.68,28.87,85.63,84.41,27.47,193
Delhi,29,24.64,27.96,22.49,66.01,0,25.72,169
Delhi,30,36.2,37.17,32.54,81.66,84.8,27.07,238
Bengaluru,1,32.11,33.75,29.83,54.7,0,34.09,181
Bengaluru,2,41.26,41.73,39.23,49.19,45.84,15.72,209
Bengaluru,3,33.05,36.23,31.56,83.98,148.46,27.5,257
Bengaluru,4,40.55,42.63,37.48,54.14,0,24.28,272
Bengaluru,5,33.21,35.5,32.7,52.34,0,9.34,218
Bengaluru,6,21.75,24.36,19.71,75.45,0,19.21,161
Bengaluru,7,36.3,40.29,35,66.57,142.79,14.89,139
Bengaluru,8,41.38,45.17,38.47,83.99,0,12.88,88
Bengaluru,9,29.72,33.42,27.69,78.8,93.54,13.67,106
Bengaluru,10,36.15,39.91,34.94,49.88,32.71,28.36,111
Bengaluru,11,22.04,23.4,18.53,76.89,0,24.54,238
Bengaluru,12,31.89,35.13,29.13,43.45,16.82,31.21,178
Bengaluru,13,37.77,38.72,33.77,42.17,62.39,24.8,293
Bengaluru,14,23.94,27.14,20.15,70.39,0,21.99,87
Bengaluru,15,34.96,36.63,31.87,69.79,83.83,31.97,195
Bengaluru,16,34.8,38.28,34.59,64.3,0,17.21,123
Bengaluru,17,21.74,22.02,19.71,45.86,0,21.77,123
Bengaluru,18,30.19,33.71,29.36,77.16,0,33.56,172
Bengaluru,19,31.07,31.57,28.29,62.4,50.9,22.88,280
Bengaluru,20,35.64,38.03,33.75,86.97,0,17.8,92
Bengaluru,21,34.79,36.96,33.13,82.64,0,13.92,287
Bengaluru,22,30.56,34.26,28.26,53.17,0,13.65,275
Bengaluru,23,22.44,23.09,19.66,67.57,0,9.9,85
Bengaluru,24,36.83,36.91,35.99,78.02,0,16.63,157
Bengaluru,25,37.64,39.9,33.95,47.72,0,18.88,207
Bengaluru,26,24.65,25.73,21.95,72.47,42.84,19.95,135
Bengaluru,27,34.01,37.43,33.31,60.02,16.84,28.03,85
Bengaluru,28,25.83,29.74,22.38,61.71,0,17.18,185
Bengaluru,29,33.95,36.59,30.31,36.24,59.86,32.63,75
Bengaluru,30,26.04,28.31,24.76,53.21,0,32.85,103
Hyderabad,1,24.94,27.9,21.18,62.27,0,22.46,224
Hyderabad,2,34.01,37.74,33.52,59.63,0,21.74,74
Hyderabad,3,21.97,23.24,20.87,45.16,0,29.68,219
Hyderabad,4,38.87,40.25,35.73,43.51,0,12.57,84
Hyderabad,5,40.14,40.17,38.5,59.28,0,6.16,252
Hyderabad,6,23.32,23.46,22.65,40.54,119.1,13.19,110
Hyderabad,7,28.32,30.61,27.86,55.45,0,23.93,199
Hyderabad,8,41.53,43.46,40.59,64.25,6.27,32.51,174
Hyderabad,9,40.92,43.21,38.49,50.66,19.66,23.71,171
Hyderabad,10,41.14,44.47,38.43,40.33,143.35,21.5,129
Hyderabad,11,41.97,42.04,38.6,70.52,0,21.27,224
Hyderabad,12,40.52,42.02,36.88,78.72,91.52,27.32,206
Hyderabad,13,36.14,36.37,33.92,43.73,0,19.56,71
Hyderabad,14,35.15,35.79,31.75,71.04,0,8.75,231
Hyderabad,15,30.32,32.76,27.84,68.54,0,15.61,237
Hyderabad,16,40.78,42.49,40.22,88.65,0,29.93,193
Hyderabad,17,24.55,24.62,22.71,81.9,0,21.96,257
Hyderabad,18,24.36,26.16,24.1,87.05,126,27.29,271
Hyderabad,19,26.15,28.8,25.25,53.08,13.2,12.2,195
Hyderabad,20,21.76,24.62,20.76,49.97,0,17,232
Hyderabad,21,33.11,33.14,31.79,64.73,49,27.68,182
Hyderabad,22,32.42,32.51,30.63,56.52,0,11.85,203
Hyderabad,23,31.29,34.2,28.85,57.1,76.81,28.95,250
Hyderabad,24,22.64,23.15,22.09,75.62,0,12.91,250
Hyderabad,25,37.92,38.77,36.29,75.93,124.87,18.58,285
Hyderabad,26,38.54,39,36.71,50.94,0,28.7,125
Hyderabad,27,29.91,31.85,27.79,85.22,0,8.02,145
Hyderabad,28,23.96,25.53,21.77,71.02,59.67,11.58,206
Hyderabad,29,36.8,38.18,32.81,59.37,0,34.74,248
Hyderabad,30,21.48,22.53,20.85,47.83,0,7.83,164
Ahmedabad,1,41.93,44.4,38.31,41.68,0,11.17,66
Ahmedabad,2,27.59,30.6,27.1,54.57,0,32.38,119
Ahmedabad,3,36.15,38.17,35.73,50.65,0,11.03,106
Ahmedabad,4,29.25,33.02,26.14,39.82,0,18.45,110
Ahmedabad,5,36.29,37.55,34.11,83.23,0,27.97,158
Ahmedabad,6,20.02,20.27,19.87,42.18,31.74,19.54,290
Ahmedabad,7,41.53,45.29,39.55,38.42,0,31.4,99
Ahmedabad,8,34.31,35.2,31.96,56.7,149.44,16.27,186
Ahmedabad,9,31.17,33.31,27.25,77.09,0,21,214
Ahmedabad,10,36.46,40.06,34.81,53.94,0,24.37,123
Ahmedabad,11,25.1,25.21,23.16,84.57,0,13.76,113
Ahmedabad,12,40.03,41.3,39.14,54.9,130.84,22.79,84
Ahmedabad,13,31.77,35.36,28.85,60.53,0,20.36,133
Ahmedabad,14,39.1,43,35.4,61.38,37.4,13.82,192
Ahmedabad,15,32.12,35.95,29.05,65.48,39.45,5.28,72
Ahmedabad,16,26.54,26.79,23.78,65.62,108.56,25.67,157
Ahmedabad,17,34.66,35.74,31.38,44.38,0,14.82,76
Ahmedabad,18,23.83,25.62,20.91,61.38,0,9.11,99
Ahmedabad,19,26.67,29.24,22.8,75.16,0,17.39,273
Ahmedabad,20,30.54,33.33,28.48,62.46,0,27.79,186
Ahmedabad,21,22.84,25.22,20.36,41.22,115.46,17.5,206
Ahmedabad,22,35.06,37.9,33.46,61.95,0,7.01,263
Ahmedabad,23,25.4,26.95,23.22,49.95,0,21.11,98
Ahmedabad,24,20.44,23.94,17.49,49.96,0,18.98,157
Ahmedabad,25,26.26,29.15,25.79,38.75,0,23.54,99
Ahmedabad,26,26.66,27.76,24.25,62.88,4.89,21.78,222
Ahmedabad,27,33.94,35.78,30.86,46.04,13.22,26.38,240
Ahmedabad,28,36.81,39.86,35.46,87.01,0,19.45,52
Ahmedabad,29,36.5,37.79,35.04,82.18,0,29.15,72
Ahmedabad,30,37.24,38.11,34.87,46.56,0,22.56,297
Chennai,1,31.6,34.44,29.92,83.12,0,29.2,54
Chennai,2,27.65,27.93,25.64,87.63,0,31.68,112
Chennai,3,24.36,27.41,21.24,53.61,0,34.64,51
Chennai,4,27.41,30.04,26.09,58.59,53.92,6.75,75
Chennai,5,29.6,30.3,27.35,57.68,47.87,5.14,229
Chennai,6,26.94,29.23,25.15,71.15,11.72,23.97,271
Chennai,7,27.49,29.83,24,64.58,0,10.69,121
Chennai,8,29.95,31.87,28.59,57.06,58.43,19.98,58
Chennai,9,21.69,24.96,19.37,80.17,0,34.7,262
Chennai,10,27.36,28.32,26.55,65.45,42.16,10.52,176
Chennai,11,36.14,37.46,35.2,63.92,0,12.25,249
Chennai,12,39.34,42.6,38.75,76.84,0,28.49,246
Chennai,13,25.5,29.09,24.1,74.56,0,12.18,93
Chennai,14,37.1,39.83,36.79,54.05,41.19,11.47,62
Chennai,15,21.94,25.61,20.35,74.17,86.31,26.14,216
Chennai,16,27.62,31.36,24.55,60.99,68.78,33.88,300
Chennai,17,37.56,38.35,37.01,89.49,0,29.23,205
Chennai,18,29.59,31.7,29.01,82.4,0,21.61,103
Chennai,19,38.08,38.15,35.55,76.85,0,16.44,128
Chennai,20,41.49,44.14,40.44,44.64,0,23.79,264
Chennai,21,37.68,41.19,35.67,47.09,14.91,13.76,69
Chennai,22,20.62,23.8,16.86,58.9,0,11.52,166
Chennai,23,28.11,28.59,25.09,40.43,0,29.96,285
Chennai,24,36.44,39.14,35.82,82.9,0,5.5,88
Chennai,25,21.82,22.12,18.74,75.58,64.36,32.81,86
Chennai,26,26.24,26.32,25.29,71.56,41.23,23.46,276
Chennai,27,29.17,30.06,28.69,63.22,0,12.86,218
Chennai,28,41.15,41.36,39.45,86.16,0,22.35,247
Chennai,29,39.09,40.93,36.3,65.78,19.54,32.82,158
Chennai,30,35.47,37.14,34.75,49.5,0,33.08,141
Kolkata,1,35.3,39.13,35.27,38.81,25.11,11.55,198
Kolkata,2,36.04,38.08,34.76,65.16,87.82,6.48,245
Kolkata,3,38.72,42.45,37.78,59.9,131.34,22.46,155
Kolkata,4,21,21.89,17.73,51.27,132.77,14.23,286
Kolkata,5,40.97,41.16,39.74,47.67,95.69,18.32,245
Kolkata,6,29.57,31.86,26.74,58.24,31.62,20.62,216
Kolkata,7,41.97,44.82,38.15,57.98,86.81,8.1,219
Kolkata,8,21.38,24.63,21.03,55.16,132.68,5.41,276
Kolkata,9,40.2,42.75,39.47,61.14,0,11.04,101
Kolkata,10,26.92,30.48,23,69.51,0,15.76,80
Kolkata,11,28.36,29.35,25.61,86.25,0,17.98,187
Kolkata,12,31.65,34.13,28.11,89.56,0,29.97,191
Kolkata,13,29.96,33.5,28.53,74.69,26.31,34.9,261
Kolkata,14,29.35,32.65,27.66,35.93,0,7.33,112
Kolkata,15,38.34,41.4,34.59,75.95,0,10.63,189
Kolkata,16,36.2,36.91,34.74,57.13,100,31.09,270
Kolkata,17,30.58,33.89,28.98,43.88,0,17.42,86
Kolkata,18,34.46,36.95,34.19,75.52,0,6.58,70
Kolkata,19,31.99,35.62,29.12,67.5,100.34,12.03,151
Kolkata,20,38.28,38.97,37.11,42.5,140.91,23.14,54
Kolkata,21,24.95,27.95,24.51,76.33,147.24,25.77,226
Kolkata,22,22.87,25.84,20.27,81.83,0,17.03,160
Kolkata,23,23.15,25.9,22.98,85.73,0,28.34,276
Kolkata,24,22.64,24.88,21.55,87.83,0,10.35,278
Kolkata,25,41.1,42.49,39.65,60.43,78.08,17.05,171
Kolkata,26,41.2,41.47,40.1,85.09,0,33.21,114
Kolkata,27,34.52,37.78,33.8,56.89,48.23,30.8,276
Kolkata,28,40.49,41.8,39.17,73.55,0,24.33,221
Kolkata,29,24.29,26.74,22.82,44.5,65.8,29.46,227
Kolkata,30,29.96,30.09,28.76,73.65,19.39,33.76,185
Pune,1,33.56,35.59,30.73,56.56,0,8.53,148
Pune,2,28.74,29.41,28.22,45.46,87.8,23.63,276
Pune,3,26.33,29.71,25.14,51.51,81.1,13.95,140
Pune,4,37.8,39.22,36.37,73.03,0,13.95,286
Pune,5,25.59,29.37,24.71,62.99,11.75,30.05,70
Pune,6,27.28,29.84,25.72,59.26,0,31.37,88
Pune,7,25.82,26.64,23.34,71.59,0,33.26,111
Pune,8,20.38,23.42,18.87,85.8,0,18.3,69
Pune,9,33.39,36.23,30.5,51.01,0,26.88,127
Pune,10,39.34,42.81,37.27,55.67,0,23.7,238
Pune,11,41.03,44.21,38.65,63.94,0,15.62,123
Pune,12,31.37,32.24,29.77,38.5,147.28,30.85,134
Pune,13,37.87,39.17,37.38,37.07,0,27.22,182
Pune,14,37.85,40.91,35.67,56.56,0,28.42,277
Pune,15,32.63,35.19,30.84,83.78,0,31.55,110
Pune,16,25.55,26.03,22.16,75.21,130.73,10.57,50
Pune,17,30.32,31.17,28.99,35.79,0,28.19,137
Pune,18,27.69,28.02,25.98,72.56,33.52,6.01,231
Pune,19,39.11,42.92,38.2,58.58,63.92,10.17,62
Pune,20,25.95,28.07,25.72,63.22,0,12.3,202
Pune,21,21.18,22.62,19.78,72.33,85.24,33.97,270
Pune,22,25.79,26.67,23.91,38.79,0,22.73,232
Pune,23,38.03,39.24,36.37,52.6,0,11.97,257
Pune,24,27.04,28.36,23.79,40.56,0,19.8,241
Pune,25,32.63,34.6,31.57,50.19,119.26,32.88,234
Pune,26,34.17,36.2,32.68,87.26,0,17.98,227
Pune,27,20.65,23.49,17.95,83.49,0,22.96,269
Pune,28,23.51,26.09,20.4,81.18,0,19.41,113
Pune,29,38.03,39.05,35.23,59.98,0,23.67,142
Pune,30,23.92,25.3,22.71,63.64,137.51,33.22,138
Jaipur,1,37.16,38.37,34.82,82.73,13.46,32.07,233
Jaipur,2,24.25,26.42,23.75,69.27,0,26.6,264
Jaipur,3,40.51,43.77,37.18,85.57,62.31,15.76,189
Jaipur,4,29.95,31.19,27.63,41.71,142.71,26.66,141
Jaipur,5,20.91,23.02,20.52,69.76,0,5.19,188
Jaipur,6,22.3,26.14,19.87,78.89,33.76,6.64,144
Jaipur,7,34.87,37.26,34.61,65.39,6.91,25.87,116
Jaipur,8,31.42,34.99,29.75,82.26,0,5.24,247
Jaipur,9,36.94,38.8,34.81,35.7,0,18.58,92
Jaipur,10,34.99,37.49,31.29,76.46,103.98,16.3,85
Jaipur,11,40.31,42.65,37.29,46.25,141.85,7.21,53
Jaipur,12,34.06,34.2,34,81.32,0,21.21,163
Jaipur,13,29.5,30.89,25.6,76.1,0,23.47,206
Jaipur,14,22.78,26.22,22.72,55.82,0,20,117
Jaipur,15,39.32,41.84,36.64,36.79,0,34.21,260
Jaipur,16,38.94,41.89,37.13,63.59,0,33.68,109
Jaipur,17,41.25,44.53,37.92,47.52,0,16.52,109
Jaipur,18,39.12,40.56,38.49,74.99,0,21.49,72
Jaipur,19,37.39,40.06,35.63,89.22,0,24.77,194
Jaipur,20,41.71,43.28,41.54,58.39,0,22.66,147
Jaipur,21,28.06,31.68,24.48,54.72,0.74,30.47,186
Jaipur,22,24.74,26.12,22.33,58.38,85.57,26.12,214
Jaipur,23,41.96,42.53,41.67,76.66,31.46,25.03,56
Jaipur,24,22.21,24.88,21.88,54.61,23.27,8.08,223
Jaipur,25,36.17,36.46,34.44,52.63,27.68,18.41,226
Jaipur,26,22.82,23.88,20.93,87.98,0,10.56,102
Jaipur,27,24.24,25.29,21.96,87.69,0,30.86,234
Jaipur,28,22.33,23.36,18.58,67.62,0,10.12,93
Jaipur,29,32.95,33.68,29.43,89.75,0,24.38,69
Jaipur,30,22.01,25,18.99,80.53,100.85,8.3,105
Lucknow,1,34.07,37.02,31.37,87.68,8.67,9.02,231
Lucknow,2,22.37,24.73,21.18,47.9,0,30.57,214
Lucknow,3,26.89,28.62,26.53,53.01,149.78,19.78,172
Lucknow,4,20.92,24.72,20.56,74.46,101.12,13.17,177
Lucknow,5,28.7,31.34,26.52,48.14,0,24.55,161
Lucknow,6,37.83,41.6,34.46,56.49,0,7.28,269
Lucknow,7,35.19,37.16,34.3,43.18,24.15,23.8,178
Lucknow,8,22.58,22.64,20.84,77.57,0,32.94,219
Lucknow,9,28.57,32.27,28.53,54.5,0,11.54,62
Lucknow,10,35.35,38.76,33.43,46.06,80.12,13.06,92
Lucknow,11,40.48,40.64,38.09,42.79,11.94,34.16,156
Lucknow,12,23.94,27.02,20.52,78.27,0,10.89,161
Lucknow,13,41.87,45.04,39.57,72.36,0,21.27,266
Lucknow,14,26.72,28.49,26.69,53.56,0,9.72,211
Lucknow,15,31.03,31.04,30.88,54.52,0,21.58,199
Lucknow,16,25.18,27.81,22.64,60.2,0,31.85,102
Lucknow,17,33.1,35.6,29.63,77.1,0,34.65,69
Lucknow,18,33.41,34.11,33.11,52.56,83.32,25.42,204
Lucknow,19,28.4,28.82,25.7,73.81,69.56,16.43,133
Lucknow,20,38.2,41.09,37.07,67.92,0,31.94,166
Lucknow,21,28.7,28.78,25.78,79.05,132.02,20.32,238
Lucknow,22,27.75,27.85,25.15,72.91,0,26.15,114
Lucknow,23,33.57,37.46,33.06,35.1,101.03,22.91,257
Lucknow,24,21.88,22.73,19.91,61.53,0,33.95,261
Lucknow,25,23.45,26.6,21.23,41.28,0,12.95,89
Lucknow,26,34.67,36.02,34.16,85.1,0,32.58,84
Lucknow,27,30.16,30.37,27.18,36.33,0,14.75,292
Lucknow,28,34.81,38.46,31.87,57.92,0,14.02,239
Lucknow,29,33.32,36.47,29.97,46.47,0,18.76,183
Lucknow,30,24.26,26.01,20.87,48.5,8.47,11.26,67
Kanpur,1,26.71,30.44,25.85,66.2,130.86,19.1,179
Kanpur,2,41,43.18,39.51,82.44,0,21.32,266
Kanpur,3,20.85,21.63,17.84,36,0,11.59,293
Kanpur,4,37.11,39.97,33.58,35.75,0,10.68,78
Kanpur,5,39.35,41.81,37.5,77.12,0,7.83,253
Kanpur,6,33.39,34.47,31.3,80.23,0,11.47,272
Kanpur,7,34.54,36.58,31.07,60.96,39.66,10.07,270
Kanpur,8,40.06,44.04,37.45,48.03,6.92,18.66,146
Kanpur,9,28.11,31.9,24.66,86.34,0,11.92,257
Kanpur,10,36.54,40.45,34.76,68.06,0,22.56,279
Kanpur,11,34.66,36.57,33.03,64.14,0,18.78,120
Kanpur,12,39.52,43.52,38.87,70.89,41.16,14.41,120
Kanpur,13,35.93,38.08,34.02,39.75,0,15.2,105
Kanpur,14,36.06,36.57,32.12,40.12,0,26.89,71
Kanpur,15,27.93,28.61,24.08,60.19,140.02,29.32,186
Kanpur,16,26.26,29.77,24.22,49.6,53.01,16.73,242
Kanpur,17,24.68,25.86,23.08,52.75,0,20.08,166
Kanpur,18,41.28,44.79,39.99,72.48,0,21.87,51
Kanpur,19,23.38,24.45,21.66,66.17,0,11.53,126
Kanpur,20,41.85,43.85,41.06,59.28,0,17,197
Kanpur,21,30.7,33.48,30.62,69.58,0,27.52,273
Kanpur,22,26.73,28.97,24.57,53.46,0,7.94,249
Kanpur,23,41.05,41.65,38.74,73.16,12.83,11.73,227
Kanpur,24,34.06,36.42,30.4,45.48,70.59,12.36,268
Kanpur,25,21.35,23.24,20.16,83.29,0,11.06,122
Kanpur,26,24.1,27.01,23.76,42.77,0,9.98,192
Kanpur,27,38.51,39.05,34.99,76.56,0,10.49,68
Kanpur,28,36.75,37.52,35.26,50.75,0,6.01,210
Kanpur,29,30.97,32.35,30.48,46.05,103.99,26.47,296
Kanpur,30,39.73,43.71,38.01,77.72,0,17.29,277
Nagpur,1,38.06,40.52,34.52,82.94,0,11.82,239
Nagpur,2,37.64,39.63,34.27,35.63,0,29.04,288
Nagpur,3,26.89,29.6,25.54,62.54,107.45,6,150
Nagpur,4,24.7,27.04,22.4,75.48,38.48,5.7,248
Nagpur,5,20.41,22.74,19.77,54.85,0,24.97,162
Nagpur,6,34.85,36.49,34.52,61.57,0,9.56,71
Nagpur,7,28.42,29.43,27.92,88.4,0,11.26,112
Nagpur,8,28.23,31.94,25.21,67.33,0,12.61,232
Nagpur,9,28.46,32.04,26.03,83.42,0,25.98,289
Nagpur,10,29.24,30.33,27.2,35.76,0,7.56,300
Nagpur,11,33.12,33.93,29.13,71.38,147.2,34.07,144
Nagpur,12,25.41,25.42,22.45,85.29,0,7.22,64
Nagpur,13,22.63,25.64,21.89,77.67,0,10.92,268
Nagpur,14,35.05,38.18,33.44,61.66,77,13.13,182
Nagpur,15,37.13,40.96,36.28,89.97,0,9.54,113
Nagpur,16,30.45,33.48,29.29,46.62,24.42,8.79,129
Nagpur,17,36.91,39.75,33.35,84.74,0,11.25,109
Nagpur,18,38.87,41.98,36.95,49.67,0,7.69,176
Nagpur,19,21.39,24.62,17.5,46.12,0,33.61,219
Nagpur,20,26.92,29.78,25.82,49.9,0,16.47,235
Nagpur,21,21.09,21.22,19.75,79.22,79.91,21.35,217
Nagpur,22,20.32,22.3,19.08,37.87,0,7.5,287
Nagpur,23,41.01,44.98,38.61,71.26,4.03,7.42,212
Nagpur,24,30.49,32.89,28.59,49.16,6.28,19.49,98
Nagpur,25,35.41,39.07,31.98,45.39,0,13.24,181
Nagpur,26,25.16,27.94,22.37,76.35,0,16.11,219
Nagpur,27,26.87,27.43,24.36,74.35,32.34,6.47,168
Nagpur,28,21.21,22.79,20.28,55.89,70.31,13.04,215
Nagpur,29,31.97,32.11,31.44,72.35,0,22.52,161
Nagpur,30,38.57,38.75,35.22,35.54,42.78,24.57,177
Indore,1,32.97,34.48,29.17,52.79,63.88,31.05,224
Indore,2,36.21,38.81,35.75,83.53,91,26.66,128
Indore,3,29.56,33.5,27.73,80.04,0,12.69,269
Indore,4,29.02,30.69,26.94,62.5,122.61,14.09,217
Indore,5,30.28,32.66,27.73,43.92,0,19.44,162
Indore,6,24.06,27.25,21.57,84.65,84.63,10.66,200
Indore,7,35.76,39.62,32.41,67.05,91.08,21.63,166
Indore,8,39.84,42.27,36.62,79.43,127.07,11.72,209
Indore,9,22.65,25.06,21.86,76.73,131.37,29.37,279
Indore,10,38.27,40.37,35.1,43.69,0,13.72,237
Indore,11,32.3,34.62,31.03,77.79,0,9.5,65
Indore,12,39.44,40.3,38.43,72.21,0,17.12,215
Indore,13,29.15,29.36,25.44,76.41,139.4,27.44,107
Indore,14,40.46,42.29,39.96,88.9,119.36,27.54,119
Indore,15,24.71,27.57,22.09,73.51,0,23.38,152
Indore,16,20.17,22.96,17.92,58.84,0,24.3,115
Indore,17,26.34,28.68,25.67,51.41,84.76,26.35,246
Indore,18,33.12,33.46,29.3,80.84,72.57,26.88,118
Indore,19,27.21,29.52,23.5,90,0,16.73,218
Indore,20,37.09,39.04,33.71,48.32,0,24.8,107
Indore,21,35.72,35.75,32.42,36.55,0,18.3,109
Indore,22,23.71,25.45,23.54,37.33,0,24.71,236
Indore,23,39.1,41.92,35.31,83.43,22.29,23.35,273
Indore,24,37.61,41.09,33.78,74.75,0,34.04,293
Indore,25,25.26,25.95,21.35,49.92,80.84,29.02,211
Indore,26,39.11,39.94,36.19,79.96,142.94,27.85,194
Indore,27,22.51,26.21,21.56,70.73,0,24.1,66
Indore,28,22.04,22.74,20.85,82.94,0,27.72,224
Indore,29,33.83,35.76,32.66,78.85,141.26,14.97,111
Indore,30,39.64,41.26,36.16,80.47,89.27,11.87,51
Thane,1,27.24,27.82,25.94,82.02,0,24.52,73
Thane,2,35.8,37.93,34.77,61.66,0,20.93,259
Thane,3,25.85,26.84,23.29,60.16,0,29.72,249
Thane,4,27.51,29.37,26.59,35.26,24.71,21.83,181
Thane,5,25.32,28.97,23,39.07,0,26.64,162
Thane,6,31.2,32.6,28.74,78.48,0,17.65,187
Thane,7,20,20.24,16.49,54.81,21.78,14.2,288
Thane,8,39.38,39.61,35.98,46.4,0,11.83,160
Thane,9,33.54,35.72,31.48,53.83,66.75,18.82,63
Thane,10,20.89,23.29,20.74,85.81,0,34.44,195
Thane,11,40.9,41.3,36.92,56.12,11.78,12.3,289
Thane,12,33.18,33.77,32.48,38.79,0,34.15,176
Thane,13,26.49,26.73,23.66,85.33,0,16.49,79
Thane,14,39.44,43.36,36.37,54.15,0,10.64,201
Thane,15,32.9,35.18,32.73,66.16,0,23.84,157
Thane,16,35.87,36.18,32.08,69.6,0,29.08,197
Thane,17,33.74,34.32,30.76,89.54,42,10.39,120
Thane,18,25.69,27.2,25.23,70.92,0,29.99,191
Thane,19,30.04,32.99,26.98,66.79,0,21.48,249
Thane,20,25.81,29.71,25.51,52.27,0,18.99,209
Thane,21,24.24,24.61,24.19,67.45,0,27.69,71
Thane,22,37.8,39.01,36.35,62.57,0,6.37,157
Thane,23,21.94,22.35,19.56,62.07,0,12.07,78
Thane,24,20.34,24.25,19.95,53.73,0,16.1,55
Thane,25,26.34,30.09,25.66,48.2,0,18.48,145
Thane,26,41.85,45.29,39.69,59.27,40.51,14.01,89
Thane,27,38.32,39.72,38.04,84.76,12.89,15.93,241
Thane,28,31.34,33.9,28.6,71.39,0,12.98,228
Thane,29,40.73,44.37,37.22,39.7,0,23.36,79
Thane,30,40.21,43.62,38.53,88.52,17.18,14.74,240
Bhopal,1,29.42,32.39,29,78.47,0,12.81,204
Bhopal,2,28.43,29.04,28.07,51.33,0,12.72,102
Bhopal,3,25.16,25.97,22.15,75.02,0,7.21,282
Bhopal,4,23.4,23.66,21.19,38.4,0,34.2,185
Bhopal,5,25.09,26.51,24.62,61.73,11.56,12.63,300
Bhopal,6,31.63,33.89,28.91,37.11,0,5.99,162
Bhopal,7,32.26,33.62,29.62,59.63,0,20.18,264
Bhopal,8,41.75,43.21,41.24,39.94,114.03,8.13,52
Bhopal,9,33.22,35.61,31.58,68.06,0,7.8,278
Bhopal,10,29.46,31.01,29.14,47.84,0,31.16,93
Bhopal,11,35.59,38.04,34.65,45.98,8.64,6.68,182
Bhopal,12,35.77,37.31,32.71,36.97,58.61,7.59,57
Bhopal,13,23.96,26.14,23.02,84.11,0,5.76,271
Bhopal,14,38.99,41.71,36.48,68.35,0,33.12,225
Bhopal,15,28.81,29.92,25.36,61.18,138.88,29.48,155
Bhopal,16,33.76,34.84,31.09,40.89,75.88,25.02,128
Bhopal,17,31.74,33.9,28.82,80.44,76.56,13.17,80
Bhopal,18,28.75,29.98,28.75,59.31,124.31,9.51,54
Bhopal,19,35.64,37.93,33.1,48.35,0,28.82,97
Bhopal,20,38.41,41.99,34.82,78.72,0,6.65,57
Bhopal,21,36.47,39.43,35.01,87.68,0,6.77,108
Bhopal,22,28.37,31.03,24.96,77.11,43.01,18.9,233
Bhopal,23,37.84,39.96,35.21,81.04,0,33.95,189
Bhopal,24,40.49,42.06,40.01,71.84,135.56,14.48,247
Bhopal,25,33.76,36.62,32.55,85.33,0,5.71,225
Bhopal,26,32.06,34.89,29.09,67.05,62.96,16.15,132
Bhopal,27,26.23,26.66,23.04,82.35,31.81,26.86,108
Bhopal,28,21.45,24.98,18.23,80.58,39.75,6.47,102
Bhopal,29,34.75,36.37,33.53,39.55,50.72,9.79,84
Bhopal,30,37.33,39.79,33.68,77.81,50.18,12.44,59
Visakhapatnam,1,24.21,26.72,21.32,71.31,0,16.71,197
Visakhapatnam,2,26.35,29.64,24.73,63.23,13.07,28.75,266
Visakhapatnam,3,29.11,32.4,26.23,52.28,0,19.56,126
Visakhapatnam,4,20.78,22.32,17.38,67.3,0,24.79,217
Visakhapatnam,5,36.12,38.23,34.87,50.26,0,20.58,200
Visakhapatnam,6,32.88,33.53,31.63,77.2,87.6,16.35,219
Visakhapatnam,7,28.82,32.39,25.95,63.52,122.77,25.8,176
Visakhapatnam,8,23.94,26.07,22.28,38.36,34.52,16.45,209
Visakhapatnam,9,31.81,34.84,30.62,65.31,0,28.24,76
Visakhapatnam,10,34.29,34.99,34.18,61.92,17.97,31,290
Visakhapatnam,11,32.7,33.22,29.83,40.31,0,5.47,99
Visakhapatnam,12,39.9,42.81,38.55,43.22,0,23.17,55
Visakhapatnam,13,38.17,40.36,35.91,85.97,0,23.42,217
Visakhapatnam,14,31.83,34.68,29.37,85.84,117.88,27.78,255
Visakhapatnam,15,24.62,26.68,23.94,65.79,92.16,28.9,231
Visakhapatnam,16,36.83,37.99,35.45,80.52,135.75,17.46,136
Visakhapatnam,17,37.65,39.84,37.63,82.47,0,20.23,138
Visakhapatnam,18,38.43,40.54,34.89,76.18,0,12.55,173
Visakhapatnam,19,35.72,39.58,34.83,42.74,0,9.59,230
Visakhapatnam,20,40.3,43.37,39.14,54.27,72.91,6.32,63
Visakhapatnam,21,35.09,36.64,32.11,68.31,3.59,9.12,284
Visakhapatnam,22,21.59,23.85,19.62,47.35,128.29,20.26,199
Visakhapatnam,23,26.42,28.8,24.78,89.16,0,32.29,191
Visakhapatnam,24,38.39,39.16,36.07,46.99,0,26.26,232
Visakhapatnam,25,31.03,33.55,30.3,72.9,0,16.62,238
Visakhapatnam,26,24.95,25.57,23.89,80.75,0,25.64,245
Visakhapatnam,27,36.47,37.92,33.38,78.8,0,6.87,172
Visakhapatnam,28,32.6,34.49,28.68,89.36,0,11.66,67
Visakhapatnam,29,28.84,29.06,25.59,39.23,0,21.79,296
Visakhapatnam,30,38.44,38.66,36.85,48.17,126.48,5.19,133
Patna,1,32.86,35.92,31.58,39.07,99.47,14.67,125
Patna,2,25.9,27.65,25.16,45.78,0,12.6,200
Patna,3,37.97,41.65,36.45,46.72,0,30.73,298
Patna,4,30.34,32.28,29.14,85.05,0,10.64,62
Patna,5,32.75,35.91,29.43,55.04,0,12.1,105
Patna,6,30.38,33.8,28.45,38.42,0,6.6,274
Patna,7,39.88,43.29,36.82,77.48,0,13.39,172
Patna,8,20.43,21.03,19.1,87.64,0,20.5,204
Patna,9,33.94,34.37,30.41,56.23,0,25.97,152
Patna,10,28.68,32.16,26.08,46.27,21.79,7.45,192
Patna,11,20.33,20.48,17.67,57.64,0,10.09,291
Patna,12,21.46,23.01,20.32,36.56,0,13.1,137
Patna,13,32.65,35.16,29.11,62.49,0,16.05,143
Patna,14,35.14,35.33,32.39,57.6,0,25.66,227
Patna,15,29.42,30.57,25.99,45.29,0,8.05,181
Patna,16,33.73,35.91,30.75,72.71,0,15.83,244
Patna,17,29.92,30.68,27.56,48.18,0,32.08,166
Patna,18,28.2,31.13,27.11,47.73,0,31.55,175
Patna,19,24.27,24.77,23.97,66.84,0,15.88,204
Patna,20,26.73,29.38,24.62,48.58,133.2,8.03,75
Patna,21,36.64,40.37,36.44,60.82,0,18,260
Patna,22,36.56,39.45,35.07,60.98,0,17.26,220
Patna,23,33.77,33.92,30.61,75.42,0,33.3,214
Patna,24,38.15,40.57,36.45,37.3,100.39,13,235
Patna,25,35.62,36.38,33.6,84.63,0,14.86,191
Patna,26,28.64,30.81,26,87.08,0,15.3,265
Patna,27,35.09,36.81,32.43,70.55,0,19.84,139
Patna,28,21.66,23.43,20.47,42.86,90.46,19.04,227
Patna,29,33.54,35.88,30.37,62.91,90.52,27.85,100
Patna,30,32.05,33.77,28.22,71.66,0,28.31,270
Vadodara,1,29.96,33.25,27.38,47.3,0,25.79,112
Vadodara,2,25.54,27.07,23.16,65.71,0,30.29,113
Vadodara,3,33.54,36.12,31.15,59.01,95.4,20.36,159
Vadodara,4,36.32,37.46,35.44,41.14,0,27.71,178
Vadodara,5,36.57,37.99,33.04,74.35,0,25.65,84
Vadodara,6,34.5,35.96,33.82,62.61,33.01,11.16,268
Vadodara,7,26.47,27.98,22.66,87.47,83.27,19.2,147
Vadodara,8,21.2,22.94,18.66,61.39,89.79,30.81,55
Vadodara,9,22.49,25.59,21.74,69.56,0,13.7,73
Vadodara,10,41.62,43.45,41.29,41.12,7.31,22.12,142
Vadodara,11,31.19,34.06,28.47,67.76,32.87,20.51,181
Vadodara,12,26.46,26.97,26.19,41.16,87.84,19.96,253
Vadodara,13,20.2,23.31,16.39,63.3,82.58,32.19,244
Vadodara,14,21.52,23.51,18.59,52.08,0,21.09,160
Vadodara,15,29.75,31.4,27.35,51.07,0,22.49,113
Vadodara,16,22.21,22.52,20.05,71.48,0,24.29,109
Vadodara,17,34.31,35.37,32.5,35.56,0,22.48,81
Vadodara,18,31.59,34.41,30.79,40.97,0,21.54,173
Vadodara,19,27.09,27.33,23.48,63.03,128.92,33.15,78
Vadodara,20,26.96,29.68,25.59,69.97,0,17.99,129
Vadodara,21,31.77,33.98,28.13,85.54,0,8.31,158
Vadodara,22,41.8,41.84,38.57,87.09,0,22.09,167
Vadodara,23,22.81,23.58,20.57,48.69,0,13.84,215
Vadodara,24,21.97,22.26,21.77,68.93,0,27.48,193
Vadodara,25,27.8,30.25,24.01,71.35,0,11.55,286
Vadodara,26,32.18,35.5,29.23,76.16,0,19.64,85
Vadodara,27,28.16,29.87,24.25,62.6,48.3,14.15,173
Vadodara,28,38.63,41.01,35.13,49.73,0,19.31,164
Vadodara,29,25.44,27.62,22.97,46.01,0,17.19,259
Vadodara,30,21.24,22.63,17.78,60,0,10.21,297
Ghaziabad,1,40.52,43.22,39.09,87.27,0,17.75,62
Ghaziabad,2,36.32,39.52,32.84,62.12,67.7,14.27,111
Ghaziabad,3,22.21,22.4,20.53,42.76,0,31.95,69
Ghaziabad,4,29.95,30.79,26.05,39.14,0,14.55,265
Ghaziabad,5,31.85,34.88,30.07,63.27,0,13.68,218
Ghaziabad,6,24.91,26.23,24.08,60.46,0,25.03,114
Ghaziabad,7,38.67,38.93,35.7,72.07,0,10.51,141
Ghaziabad,8,28.33,30.45,26.11,81.25,50.31,17.38,184
Ghaziabad,9,26.76,29.32,23.82,61.39,0,18.75,288
Ghaziabad,10,23.33,26.06,21.11,47.88,67.7,18.53,298
Ghaziabad,11,33.97,36.96,30.3,56.06,0,23.43,269
Ghaziabad,12,22.24,26.23,19.75,52.74,15.35,5.31,265
Ghaziabad,13,35.87,35.92,35.1,37.23,39.15,12.11,285
Ghaziabad,14,27.91,28.09,23.97,56.23,74,31.18,219
Ghaziabad,15,28.99,30.08,27.52,66.8,0,15.72,213
Ghaziabad,16,38.83,41.68,38.55,48.43,0,17.74,137
Ghaziabad,17,33.03,36.14,32.57,42.32,0,6.89,127
Ghaziabad,18,36.27,38.82,32.57,67.04,0,7.08,190
Ghaziabad,19,20.45,22.14,16.68,61.89,0,34.99,264
Ghaziabad,20,23.24,26.2,22.56,68.74,0,7.51,128
Ghaziabad,21,35.75,38.91,34.4,82.76,0,7.36,208
Ghaziabad,22,30.36,31.88,28.8,81.91,57.7,10.65,264
Ghaziabad,23,31.73,31.92,28.77,44.82,0,19.28,164
Ghaziabad,24,21.54,24.33,18.33,67.01,142.89,11.25,167
Ghaziabad,25,23.82,25.35,22.16,81.7,36.37,18.62,209
Ghaziabad,26,20.05,22.33,18.59,45.6,0,8.19,288
Ghaziabad,27,29.3,30.99,25.92,71.64,0,31.58,60
Ghaziabad,28,24.01,25.24,20.66,50.82,0,18.19,86
Ghaziabad,29,36.48,38.71,33.8,61.4,95.59,9.95,117
Ghaziabad,30,26.07,26.15,25.96,74.28,0,10.78,110
Ludhiana,1,31.87,34.12,31.1,74.44,0,16.19,138
Ludhiana,2,24.47,24.83,21.5,41.22,0,21.25,100
Ludhiana,3,35.87,38.88,31.95,81.84,146.62,9.93,292
Ludhiana,4,32.51,35.79,30.35,38.21,44.8,14.02,180
Ludhiana,5,41.3,45.28,37.62,74.83,0,27.9,249
Ludhiana,6,28.94,31.62,28.56,81.76,0,29.21,232
Ludhiana,7,21.57,22.52,20.73,89.62,80.12,18.01,133
Ludhiana,8,37.13,37.85,35.18,56.9,108.5,5.06,172
Ludhiana,9,31.27,34.29,31.26,70.75,55.98,12.3,112
Ludhiana,10,26.37,28.5,25.8,57.38,0,11.44,149
Ludhiana,11,22.84,25.31,18.98,38.15,0,29.11,204
Ludhiana,12,22.85,24.35,22.85,77.05,0,19.39,134
Ludhiana,13,20.2,23.59,17.72,53.49,48.66,13.8,194
Ludhiana,14,33.63,37.46,30.99,43.71,0,7.63,103
Ludhiana,15,30.56,32.87,28.19,55.64,0,16.48,262
Ludhiana,16,27.91,30.3,26.44,38.76,0,8.72,194
Ludhiana,17,25.26,25.42,23.59,87.7,0,12.99,66
Ludhiana,18,26.65,28.96,24.71,45.17,0,29.08,126
Ludhiana,19,26.56,28.14,23.55,82.1,0,21.67,97
Ludhiana,20,33.34,35.59,30.04,79.87,0,12.61,218
Ludhiana,21,30.34,32.66,29.54,37.18,0,28,256
Ludhiana,22,31.13,32.09,28.93,87.43,5.8,19.52,142
Ludhiana,23,30.94,34.31,30.73,84.38,29.02,15.31,252
Ludhiana,24,24.14,26.16,22.8,53.57,146.85,8.54,207
Ludhiana,25,31.65,34.98,29.76,70.76,0,28.84,253
Ludhiana,26,25.76,28.16,21.79,79.99,0,6.01,52
Ludhiana,27,32.22,32.46,29.27,76.67,0,24.05,63
Ludhiana,28,39.46,41.62,39.31,42.5,9.99,32.9,229
Ludhiana,29,35.73,37.56,34.39,82.61,0,9.97,70
Ludhiana,30,24.25,27.36,22.96,49,0,31.35,115
Agra,1,24.35,27.52,21.27,77.89,0,5.1,247
Agra,2,25.53,26.1,24.16,89.01,0,17.6,71
Agra,3,25.34,26.05,22.88,67.44,1.64,14.14,193
Agra,4,20.53,22.79,18.3,86.68,0,31.19,98
Agra,5,38.29,41.17,35.03,50.35,0,9.53,274
Agra,6,25.64,27.99,23.99,81.88,149.62,22.42,132
Agra,7,34.95,38.47,32.44,47.47,0,30.63,156
Agra,8,25.6,26.76,23.96,61.76,0,33.76,185
Agra,9,28.17,32.01,24.78,49.62,0,28.4,292
Agra,10,31.94,33.14,29.44,37.25,0,24.18,283
Agra,11,32.34,34.01,28.39,42.78,0,6.02,281
Agra,12,20.62,21.58,17.81,47.87,0,27.82,64
Agra,13,28.47,30,25.25,77.69,0,32.63,86
Agra,14,32.72,33.73,31.61,70.9,61.75,18.55,122
Agra,15,35.2,35.4,34.58,52.18,0,20.3,274
Agra,16,35.29,35.5,31.84,52.41,0,21.96,268
Agra,17,25.57,28.08,23.92,83.17,0,22.12,177
Agra,18,35.75,39.46,34.74,48.22,0,6.11,208
Agra,19,28.57,32.53,28.08,53.06,79.44,17.87,269
Agra,20,24.38,27.28,21.02,44.21,101.26,29.66,276
Agra,21,20.47,22.83,19.65,88.67,0,31.62,99
Agra,22,22.62,24.58,21.44,70.27,0,29.09,281
Agra,23,24.8,26.69,21.11,73.76,101.37,9.31,247
Agra,24,27.84,31.81,24.29,85.7,70.39,24.76,278
Agra,25,26.97,27.9,25.76,58.42,145.41,16.76,265
Agra,26,29.03,29.71,27.77,48.41,0,17.65,75
Agra,27,31.59,32.49,28.39,35.49,0,33.62,189
Agra,28,35.77,36.35,32.63,57.7,0,29.94,128
Agra,29,36.49,36.65,32.96,50.16,41.94,31.97,292
Agra,30,39.48,40.77,36.24,85.89,0,22.58,234
Nashik,1,31.4,34.02,29.47,84.93,115.3,26.65,145
Nashik,2,39.67,41.64,39.05,55.3,0,27.34,128
Nashik,3,31.83,31.99,27.85,59.76,62.46,33.78,118
Nashik,4,29.76,31.72,28.99,64.56,0,5.69,264
Nashik,5,26.05,28.92,25.22,55.87,0,6.69,219
Nashik,6,32.22,34.95,31.34,35.28,0,31.83,158
Nashik,7,31.47,32.62,30.46,75.37,0,8.73,236
Nashik,8,26.87,27.92,26.61,68.56,0,23.98,262
Nashik,9,37.52,37.59,34.59,76.63,11.37,5.8,257
Nashik,10,25.03,25.57,23.47,60.14,0,23.58,112
Nashik,11,23.44,23.49,23.01,63.56,0,9.11,260
Nashik,12,26.23,28.46,26.1,76.91,55.36,32.47,121
Nashik,13,33.06,34.84,30.94,82.11,141.42,25.4,70
Nashik,14,30.78,33.8,27.23,64.79,0,9.93,91
Nashik,15,26.85,27.28,23.45,89.92,5.55,23.53,260
Nashik,16,38.03,41.88,37.76,59.26,135.1,19.44,202
Nashik,17,41.51,44.29,40.02,36.26,11.08,12.91,87
Nashik,18,21.4,24.55,20.66,39.98,110.31,23.59,121
Nashik,19,36.11,37.69,34.11,44.2,0,22.04,281
Nashik,20,25.97,29.62,23.31,61.73,118.42,18.66,255
Nashik,21,41.84,43.57,38.02,54.99,0,31.98,176
Nashik,22,38.7,40.86,37.43,75.27,4.4,5.89,237
Nashik,23,22.34,23.73,21.95,43.19,46.85,33.74,197
Nashik,24,27.53,30.9,23.96,75.17,0,11.05,94
Nashik,25,41.69,45.52,40.5,68.93,95.87,14.42,124
Nashik,26,34.44,36.99,33.23,84.32,0,26.95,153
Nashik,27,24.99,26,23.11,68.45,133.94,6.62,100
Nashik,28,29.08,31.13,25.1,77.96,0,20.63,108
Nashik,29,38.1,39.98,35.2,64.67,0,27.41,139
Nashik,30,31.6,33.95,31.21,35.09,34.82,18.77,95
Faridabad,1,28.62,31.96,28.42,88.31,148.72,30.95,87
Faridabad,2,31.03,31.56,28.98,71.14,0,29.54,63
Faridabad,3,23.93,26.98,21.96,39.01,0,24.04,96
Faridabad,4,23.81,26.51,21.5,81.83,0,34.82,161
Faridabad,5,31.04,33.75,28.72,72.06,0,25.47,109
Faridabad,6,29.4,32.25,29.19,47.14,0,25.21,122
Faridabad,7,35.51,39.02,33.07,64.13,0,26.33,135
Faridabad,8,27.22,31.14,25.36,82.88,60.13,33.37,127
Faridabad,9,35.7,38.51,34.67,50.51,70.23,28.64,64
Faridabad,10,40.55,41.24,40.46,40.83,0,10.9,298
Faridabad,11,24.89,26.29,20.92,67.23,0,30.26,197
Faridabad,12,26.34,28.34,24.98,67.53,0,13.25,194
Faridabad,13,37.97,40.23,36.16,76,0,19.56,245
Faridabad,14,37.77,38.83,35.23,51.14,0,12.52,161
Faridabad,15,40.62,42.94,38.32,59.21,0,24.91,171
Faridabad,16,39.28,42.64,37.8,69.84,0,22.99,203
Faridabad,17,28.09,30.47,24.17,55.08,0,32.77,110
Faridabad,18,28.38,31.3,26.89,72.31,141.25,21.07,93
Faridabad,19,22.69,25.32,18.93,86.42,0,34.63,280
Faridabad,20,40.27,41.96,38.21,58.43,0,19.24,254
Faridabad,21,20.56,22.39,17.75,71.31,0,30.44,182
Faridabad,22,22.74,23.19,20.47,68.27,119.01,26.11,272
Faridabad,23,27.36,30.84,26.49,86.47,0,8.33,57
Faridabad,24,30.47,30.52,28.44,48.01,0,16.23,249
Faridabad,25,39.16,40.94,35.17,79.06,18.21,8.82,273
Faridabad,26,39.6,40.36,35.69,69.38,0,25.58,98
Faridabad,27,39.39,40.79,38.25,68.04,1.12,12.66,102
Faridabad,28,29.67,30.23,27.01,88.24,69.59,6.47,82
Faridabad,29,30.21,31.68,29.76,69.43,0,25.47,246
Faridabad,30,20.03,20.29,19.56,62.12,65.59,14.84,227
Meerut,1,23.89,26.1,21.82,48.39,0,14,61
Meerut,2,30.87,34.04,27.35,70.59,0,11.49,274
Meerut,3,32.34,36.21,29.37,55.85,0,30.89,72
Meerut,4,33.15,36.79,31.69,80.16,0,12.98,286
Meerut,5,26.74,28.74,26.49,62.99,119.64,34.36,58
Meerut,6,30.41,34.17,27.92,66.42,0,8.15,168
Meerut,7,35.06,38.75,34.71,88.04,0,18.75,132
Meerut,8,28.15,29.62,27.62,81.37,48.73,10.59,104
Meerut,9,38.93,42.02,37.24,49.12,0,6.17,69
Meerut,10,34.39,35,32.92,79.2,0,32.73,58
Meerut,11,34.69,35.62,31.63,71.69,0,13.39,73
Meerut,12,37.31,39.31,33.52,53.14,0,6.13,268
Meerut,13,25.26,27.72,24.86,83.32,0,17.3,139
Meerut,14,38.62,39.04,35.29,88.73,0,27.86,73
Meerut,15,24.23,26.32,20.75,73.5,5.57,15.84,83
Meerut,16,40.04,41.57,36.24,39.62,0,21.42,274
Meerut,17,27.44,28.03,27.26,76.23,0,22.35,115
Meerut,18,36.58,40.57,34.96,79.97,15.38,18.38,223
Meerut,19,29.99,30.01,29.5,46.46,118.1,8.67,231
Meerut,20,33.02,34.8,30.89,51.72,82.81,26.93,232
Meerut,21,26.27,29.99,25.23,45.15,0,14.91,168
Meerut,22,29.64,33.18,29.02,86.21,0,15.09,116
Meerut,23,41.36,41.45,37.97,51.58,0,22.81,116
Meerut,24,21.43,23.28,18.36,79.42,36.57,9.12,91
Meerut,25,31.9,35.26,30.01,56.74,0,7.36,133
Meerut,26,24.32,26.75,22.99,71.37,0,8.9,133
Meerut,27,41.67,43.83,38.51,59.83,0,12.5,164
Meerut,28,35.24,35.89,33.93,50.86,0,33.42,117
Meerut,29,34.14,34.64,31.25,43.48,112.95,21.97,297
Meerut,30,32.56,34,31.27,35.73,0,19.62,276
Rajkot,1,22.94,25.5,21.42,81.46,11.1,27.12,235
Rajkot,2,21.52,24.1,21.28,55.02,0,24.27,190
Rajkot,3,36.54,38.37,35.1,81.56,0,33.27,159
Rajkot,4,34,37.81,33.32,68.92,119.02,33.13,144
Rajkot,5,41.73,42.14,39.66,65.27,0,9.31,181
Rajkot,6,21.91,22.83,20.72,48.16,0,26.94,135
Rajkot,7,24.03,25.1,21.53,77.53,62.43,16.96,213
Rajkot,8,32.56,33.86,30.98,62.46,29.49,9.02,174
Rajkot,9,23.26,25.08,23.16,67.53,0,18.62,181
Rajkot,10,28.89,31.51,28.87,54.54,35.03,20.64,209
Rajkot,11,28.82,30.93,27.63,70.9,100.94,16.91,184
Rajkot,12,39.05,41.45,36.08,58.83,0,14.98,295
Rajkot,13,25.87,27.43,23.99,43.26,0,10.51,54
Rajkot,14,21.15,22.07,19.32,77.76,103.89,9.54,172
Rajkot,15,39.4,42.69,36.12,73.81,0,33.84,104
Rajkot,16,32.04,32.67,29.15,42.19,72.38,14.76,207
Rajkot,17,39.49,41.18,35.59,74.61,0,13.94,164
Rajkot,18,36.64,37.09,36.05,59.31,138.78,31.52,134
Rajkot,19,21.19,23.97,18.54,42.89,0,20.21,69
Rajkot,20,28.33,28.75,24.8,47.17,136.74,15.78,108
Rajkot,21,37.5,39.52,36,76.49,92.58,34.22,115
Rajkot,22,27.12,28.83,26.62,60.84,0,17.35,83
Rajkot,23,39.67,41.49,38.89,45.08,81.62,10.46,153
Rajkot,24,24.91,25.75,21.26,74.68,19.65,7.25,199
Rajkot,25,35.71,39.59,33,64.56,0,34.16,119
Rajkot,26,26.07,28.04,23.58,45.32,0,26.27,269
Rajkot,27,41.37,41.4,41.06,40.65,0,25.81,269
Rajkot,28,39.82,43.09,36.08,42.22,143.26,29.69,267
Rajkot,29,24.42,25.4,21.99,46.17,0,32.32,194
Rajkot,30,39.94,43.7,36.88,83.06,135.88,5.85,101
Varanasi,1,21.78,22.05,20.94,85.57,13.39,18.46,297
Varanasi,2,20.65,20.69,19.17,79.6,0,15.43,199
Varanasi,3,28.99,31.44,26.6,70.99,0,9.94,283
Varanasi,4,30.24,30.61,29.36,41.84,0,13.79,295
Varanasi,5,36.26,39.64,35.22,77.25,0,30.17,147
Varanasi,6,26.67,28.64,25.7,86.21,3.64,10.84,181
Varanasi,7,29.19,32.31,26.09,55.46,0,24.78,262
Varanasi,8,38.77,42.42,35.38,35.8,47.42,29.79,67
Varanasi,9,41.98,45.68,38.04,82.37,0,29.52,170
Varanasi,10,23.19,24.19,19.34,87.78,0,26.43,225
Varanasi,11,26.61,29.65,23.2,77.18,48.13,25.27,282
Varanasi,12,24.39,25.73,23.69,37.18,0,29.7,95
Varanasi,13,28.05,31.14,28.03,44.65,0,6.67,82
Varanasi,14,35.04,37.53,31.3,52.72,114.29,29.02,190
Varanasi,15,28.16,31.04,27.81,87.69,0,23.42,273
Varanasi,16,30.47,33.38,26.61,78.68,47.56,13.56,167
Varanasi,17,31.51,33.95,30.24,87.89,0,16.32,271
Varanasi,18,39.92,42.85,37.94,86.25,65.88,14.84,150
Varanasi,19,24.06,24.82,21.44,88.42,0,21.02,78
Varanasi,20,24.56,27.63,23.42,37.39,89.66,5.31,240
Varanasi,21,23.4,24.34,21.44,64.17,68.42,30.79,296
Varanasi,22,24.18,27.22,23.1,41.54,33.42,9.98,290
Varanasi,23,34.69,38.67,34.48,63.19,0,26.54,152
Varanasi,24,41.75,44.33,38.9,87.68,0,24.79,177
Varanasi,25,29.72,30.3,27.84,36.44,116.82,12.34,84
Varanasi,26,39.56,39.91,39.08,79.15,0,33.94,115
Varanasi,27,21.95,22.85,19.14,63.25,60.29,19.14,230
Varanasi,28,29.26,30.25,26.16,45.94,103.69,24.88,159
Varanasi,29,29.25,32.78,25.48,37.86,0,34.22,213
Varanasi,30,40.04,43.37,37.99,66.16,22.01,8.23,85
Srinagar,1,20.6,23.15,17.97,73.63,0,8.95,260
Srinagar,2,29.74,33.6,26.97,74.57,0,31.32,89
Srinagar,3,40.48,43.4,39.82,55.54,84.51,27.67,267
Srinagar,4,31.92,35.35,30.74,64.86,100.75,9.42,135
Srinagar,5,35.62,38.76,32.28,48.79,0,19.87,217
Srinagar,6,34.95,38.71,32.18,58.28,140.27,17.04,256
Srinagar,7,37.48,37.93,36.43,84.3,0,16.1,262
Srinagar,8,35.01,38.2,33.39,61.7,0,5.42,174
Srinagar,9,25.98,28.33,23.01,48.68,106.18,20.18,185
Srinagar,10,36.63,37.99,33.73,37.17,0,30.34,65
Srinagar,11,22.53,25.71,19.79,78.09,0,18.44,175
Srinagar,12,35.44,37.49,33.83,72.26,0,24.55,253
Srinagar,13,22.95,23.79,20.86,68.03,0,33.23,294
Srinagar,14,29.93,32.28,29.24,57.97,0,7.52,123
Srinagar,15,36.97,39.84,36.82,56.35,0,9.12,253
Srinagar,16,30.31,30.84,27.65,54.44,127.74,17.2,140
Srinagar,17,20.75,23.79,20.55,66.2,60.53,25.21,152
Srinagar,18,39.48,42.68,35.73,89.84,0,33.49,192
Srinagar,19,29.2,29.5,28.93,61.67,0,15.09,108
Srinagar,20,32.42,33.29,29.9,37.61,0,19.76,182
Srinagar,21,39.1,39.3,36,40.22,0,33.92,195
Srinagar,22,27.38,29.92,26.17,78.33,2.51,12.18,260
Srinagar,23,26.75,27.96,25.41,63.18,0,22.31,123
Srinagar,24,34.83,37.88,34.74,71.74,145.03,10.69,222
Srinagar,25,40.24,40.86,38.84,56.6,0,29.7,275
Srinagar,26,38.2,41.14,37.14,38.26,0,30.59,85
Srinagar,27,37.21,40.7,35.11,66.46,0,21,189
Srinagar,28,31.81,35.4,29.48,41.68,71.98,13.19,91
Srinagar,29,32.43,36.22,29.91,79.55,118.39,30.3,286
Srinagar,30,38.86,39.75,38.25,84.62,0,9.81,192
Aurangabad,1,33.56,34.42,31.49,57.44,138.87,18.66,206
Aurangabad,2,29.53,31.72,29.47,76.36,0,20.25,183
Aurangabad,3,25.67,27.65,22.37,59.94,111.04,14.38,299
Aurangabad,4,29.77,33.41,28.69,71.97,0,7.65,126
Aurangabad,5,37.6,40.73,35.59,75.35,117.63,5.38,105
Aurangabad,6,26.03,26.33,24.62,79.26,133.19,15.97,70
Aurangabad,7,31.09,34.3,29.33,43.74,121.65,16.43,62
Aurangabad,8,26.42,26.63,23.24,81.51,0,8.07,73
Aurangabad,9,35.13,38.39,33.97,78.25,0,32.9,141
Aurangabad,10,32.4,36.2,28.87,44.93,13.55,27.62,91
Aurangabad,11,34.29,36.24,32.08,61.02,40.95,13.24,171
Aurangabad,12,30.57,32.82,30.08,37.71,129.25,8.06,214
Aurangabad,13,35.2,39.02,31.75,40.64,27.25,22.38,150
Aurangabad,14,29.82,31.46,25.97,55.12,11.8,31.62,93
Aurangabad,15,26.12,30.02,26.01,73.87,0,26.62,152
Aurangabad,16,32.48,32.49,31.15,39.41,0,23.57,192
Aurangabad,17,28.91,31.19,28.43,44.95,34.04,6.01,216
Aurangabad,18,30.94,34.92,28.83,43.01,0,9.79,212
Aurangabad,19,39.74,41.44,36.25,76.83,0,22.39,170
Aurangabad,20,25.12,29.02,21.23,46.27,0,16.94,221
Aurangabad,21,39.89,40.1,36.3,71.55,0,27.75,271
Aurangabad,22,31.35,34.97,29.45,60.88,0,9.04,197
Aurangabad,23,38.3,39.89,38.03,56.35,92.26,27.43,297
Aurangabad,24,28.89,29.62,25.59,57.25,0,33.34,298
Aurangabad,25,40.5,43.22,39.5,39.33,0,11.54,187
Aurangabad,26,41.82,45.09,40.85,60.57,37.39,15.26,146
Aurangabad,27,35.41,37.73,33.58,85.09,0,11.29,254
Aurangabad,28,23.72,26.82,22.41,63.46,28.66,31.56,71
Aurangabad,29,29.02,29.47,27.19,36.87,109.84,26.08,148
Aurangabad,30,28.72,32.61,28.49,44.26,38.38,34.45,179
Dhanbad,1,24.36,27.29,23.89,81.04,43.43,33.6,95
Dhanbad,2,31.36,31.5,28.58,84.72,0,9.93,116
Dhanbad,3,28.21,31.09,26.22,59.91,0,5.79,268
Dhanbad,4,40.11,41.29,38.04,76.85,0,26.74,221
Dhanbad,5,31.77,34.32,27.85,43.59,62.82,21.06,288
Dhanbad,6,36.81,40.36,35.71,36.3,0,32.39,145
Dhanbad,7,36.52,38.35,34.35,66.3,0,28.39,104
Dhanbad,8,21.1,21.69,18.18,63.87,89.91,6.65,260
Dhanbad,9,20.08,24.01,17.75,62.06,92.39,7.8,62
Dhanbad,10,22.89,23.81,21.33,45.43,0,10.61,182
Dhanbad,11,33.38,33.88,32.7,60.92,0,26.91,70
Dhanbad,12,23.53,25.12,22.22,63.92,0,28.75,80
Dhanbad,13,26.05,28.59,22.16,35.18,0,19.72,295
Dhanbad,14,38.33,39.65,35.96,70.47,66.44,5.43,287
Dhanbad,15,35.49,39.1,34.49,43.85,0,22.25,120
Dhanbad,16,21.21,23.81,18.31,82.92,0,33.78,181
Dhanbad,17,27.76,28.51,25.91,79.79,0,13.62,292
Dhanbad,18,40.41,41.07,38.44,52.12,0,9.79,295
Dhanbad,19,32.17,33.51,28.81,70.33,0,18.61,253
Dhanbad,20,25.95,29.45,22.04,87.73,138.27,28.74,151
Dhanbad,21,40.21,40.79,39.23,42.12,0,20.54,111
Dhanbad,22,34.83,35.75,31.86,45.72,0,34.55,246
Dhanbad,23,33.59,34.95,32.65,84.04,116.5,8.29,154
Dhanbad,24,34.76,35.36,33.02,56.17,117.51,10.42,217
Dhanbad,25,39.14,42.34,37.15,37.67,6.78,9.21,152
Dhanbad,26,39.39,40.27,37.04,76.71,131.45,15.12,143
Dhanbad,27,20.32,22.09,18.07,82.8,83.35,18.84,285
Dhanbad,28,36.66,36.86,35.29,59.72,0,13.98,290
Dhanbad,29,21.44,23.07,21.25,87.74,0,7.96,58
Dhanbad,30,20.64,21.95,18.32,41.23,139.52,7.07,109
Amritsar,1,21.47,22.2,20.74,81.69,0,32.38,63
Amritsar,2,31.58,35.01,27.86,83.96,65.02,12.24,110
Amritsar,3,34.86,35.35,31.03,89.75,0,15.17,110
Amritsar,4,23.93,26.25,22.02,57.6,43.4,30.84,198
Amritsar,5,41.83,44.09,38.86,35.92,0,6.35,274
Amritsar,6,24.95,25.4,21.79,67.2,0,34.6,61
Amritsar,7,36.95,39.77,35.17,39.79,89.84,23.01,256
Amritsar,8,21.25,22.67,18.82,61.28,0,15.73,139
Amritsar,9,39.95,40.64,37.3,35.54,0,15.92,206
Amritsar,10,34.91,37.96,32.31,85.8,0,28.08,149
Amritsar,11,36.65,40.61,36.34,54.05,143.24,32.53,244
Amritsar,12,40.07,40.37,39.2,40.93,0,14.1,247
Amritsar,13,36.42,36.51,33.79,74.75,116.92,34,294
Amritsar,14,41.01,44.36,38.44,49.83,0,18.96,222
Amritsar,15,21.23,24.38,20.53,86.7,99.64,23.27,240
Amritsar,16,37.53,39.6,37.4,89.9,122.45,34.13,272
Amritsar,17,33.87,37.42,32.92,88.03,0,14.69,288
Amritsar,18,33.18,36.52,31.54,50.57,0,9.71,61
Amritsar,19,28.71,31.58,27.62,43.4,0,25.91,126
Amritsar,20,32.61,34.16,30.87,65.55,0,20.13,204
Amritsar,21,22.65,23.31,19.22,39.4,94.74,10.99,225
Amritsar,22,33.87,37.47,30.06,87.98,0,8.72,92
Amritsar,23,36.66,36.95,34.36,76.43,0,16.42,244
Amritsar,24,37.55,39.36,34.54,87.91,9.44,14.24,86
Amritsar,25,34,36.27,30.58,37.66,0,25.2,287
Amritsar,26,40.03,41.71,37.36,72.46,2.66,20.16,271
Amritsar,27,33.12,36.85,29.94,67.99,30.78,7.16,111
Amritsar,28,31.01,31.36,27.7,66.06,48.04,9.01,73
Amritsar,29,38.34,40.76,37.51,53.9,0,28.73,165
Amritsar,30,21.33,22.21,21.01,47.49,128.03,33.24,268
Navi Mumbai,1,33.79,34.76,30.66,77.83,81.19,24.92,58
Navi Mumbai,2,35.43,35.46,34.86,79.02,73.9,18.79,195
Navi Mumbai,3,32.12,33.33,29.97,47,0,31.19,73
Navi Mumbai,4,28.03,28.73,25.64,62.15,0,5.72,91
Navi Mumbai,5,23.46,23.77,21.12,57.7,28,27.3,61
Navi Mumbai,6,30.13,32.38,27.63,43.22,9.8,17.56,195
Navi Mumbai,7,37.48,39.07,37.03,65.67,0,5.78,166
Navi Mumbai,8,25.72,27.05,23.2,73.54,107.45,29.11,254
Navi Mumbai,9,28.83,31.71,26.81,56.97,48.07,10.46,199
Navi Mumbai,10,35.17,38.6,34.81,60.82,0,24.74,156
Navi Mumbai,11,39.28,41.96,37.86,79.55,0,25.09,83
Navi Mumbai,12,36.26,38.36,35.89,37.64,133.14,31.49,286
Navi Mumbai,13,29.69,30.62,27.71,49.88,0,20.29,236
Navi Mumbai,14,33.94,37.69,30.42,53.45,0,33.6,205
Navi Mumbai,15,24.76,25.18,22.78,69.75,0,30.88,288
Navi Mumbai,16,21.92,23.72,21.62,55.17,0,6.8,150
Navi Mumbai,17,29.62,32.87,28.69,88.63,45.36,23.23,83
Navi Mumbai,18,32.18,33.41,29.23,38.19,0,33.76,173
Navi Mumbai,19,27.71,28.65,27.12,52.42,0,34.05,98
Navi Mumbai,20,29,29.53,28.72,38.96,0,5.72,258
Navi Mumbai,21,23.02,24.82,20.44,86.77,97.56,26.98,53
Navi Mumbai,22,39.83,41.65,38.84,48.84,45.88,23.42,160
Navi Mumbai,23,28.24,30.44,26.27,60.17,0,24.02,232
Navi Mumbai,24,37.48,39.22,34.93,76.71,0,5.32,196
Navi Mumbai,25,29.88,32.22,25.96,41.85,0,16.54,161
Navi Mumbai,26,38.22,40.22,36.08,49,92.51,31.44,165
Navi Mumbai,27,22.18,25.58,21.67,37.64,141.4,34.31,162
Navi Mumbai,28,27.64,31.23,23.72,45.67,51.7,33.13,209
Navi Mumbai,29,29.74,31.29,27.9,79.42,43.95,15.26,232
Navi Mumbai,30,31.57,33.72,30.56,41.92,0,28.78,185
Prayagraj,1,37.05,38.36,35.64,72.11,0,31.55,285
Prayagraj,2,31.4,33.36,27.9,86.18,0,33.21,115
Prayagraj,3,24.27,27.46,24.09,82.95,0,25.55,123
Prayagraj,4,32.28,32.29,30.45,70.06,0,29.73,220
Prayagraj,5,22.2,22.85,18.78,66.5,0,10.89,208
Prayagraj,6,39.66,43.37,36.97,35.75,0,20.61,146
Prayagraj,7,36.51,39.81,33.79,88.18,116.03,16.77,238
Prayagraj,8,33.59,36.4,31.11,53.19,68.92,13.54,296
Prayagraj,9,32.77,35.59,30.55,73.22,0,29.28,93
Prayagraj,10,37.91,39.85,35.79,42.63,0,21.28,185
Prayagraj,11,30.95,34.68,29,77.18,48.43,25.49,129
Prayagraj,12,26.13,29.09,25.86,37.94,0,26.53,243
Prayagraj,13,28.06,28.47,25.36,40.94,91.87,20.06,166
Prayagraj,14,27.65,28.38,26.02,36.55,0,27.89,99
Prayagraj,15,40.36,40.74,40.19,41.51,73.7,30.45,188
Prayagraj,16,34.27,34.41,33.07,81.45,0,12.66,80
Prayagraj,17,37.51,40.8,36.94,84.67,0,21.72,289
Prayagraj,18,32.87,35.1,32.04,63.33,0,30.67,116
Prayagraj,19,20.59,21.8,19.83,39.74,0,24.58,285
Prayagraj,20,27.71,28.56,24.7,53.51,0,5.42,284
Prayagraj,21,29.79,31.49,26.7,77.92,0,24.82,120
Prayagraj,22,39.3,43.3,39.26,58.96,0,20.22,262
Prayagraj,23,23.65,23.87,21.97,58.17,0,25.71,102
Prayagraj,24,39.92,42.65,38.93,53.64,54.81,20.53,286
Prayagraj,25,38.86,40.61,37.22,81.92,0,27.32,118
Prayagraj,26,21.4,24.82,17.79,57.59,86.31,24.26,198
Prayagraj,27,28.34,29.86,26.48,48.37,0,26.78,145
Prayagraj,28,31.7,35.28,29.51,45.63,0,15.19,119
Prayagraj,29,33.68,36.61,32.68,38.78,0,8.47,82
Prayagraj,30,26.13,26.44,22.46,64.24,149.16,27.71,269
Ranchi,1,24.57,25.16,24.08,78.23,130.15,17.99,143
Ranchi,2,20.6,20.68,19.19,88.87,0,5.85,220
Ranchi,3,39.65,41.11,36.88,64.76,0,33.55,156
Ranchi,4,32.66,33.05,32.05,35,0,6.87,80
Ranchi,5,30.31,30.85,27.8,54.69,0,8.6,256
Ranchi,6,35.38,38.91,34.5,76.24,61.2,24.81,52
Ranchi,7,22.55,24.6,18.76,56.54,0,26.11,103
Ranchi,8,20.05,21.61,16.22,73.87,0,19.6,147
Ranchi,9,28.66,32.16,27.35,55.08,139,30.06,50
Ranchi,10,36,36.53,32.73,83.07,0,18.73,278
Ranchi,11,28.88,31.59,27.93,73.17,22.52,12.4,221
Ranchi,12,23.25,23.43,22.9,64.31,0,13.53,286
Ranchi,13,32.9,36.24,32.01,49.87,0,11.03,62
Ranchi,14,41.92,43.31,37.96,55.18,148.82,23.5,130
Ranchi,15,37.96,41.63,37.25,44.34,0,33.75,205
Ranchi,16,31.13,34.18,28.71,39.57,0,15.32,144
Ranchi,17,21.94,24.85,21.14,49.5,87.91,33.2,252
Ranchi,18,29.38,32.9,26.42,76.7,0,30.58,163
Ranchi,19,24.62,26.36,22.2,41.51,0,31.25,52
Ranchi,20,36.86,39.95,36.33,72.01,0,9.67,220
Ranchi,21,33.1,34.11,31.26,73.83,0,7.91,65
Ranchi,22,34.68,36.93,34.15,88.62,0,13.39,181
Ranchi,23,31.52,34.3,31.46,48.26,0,23.16,240
Ranchi,24,23.26,27.23,22.09,35.93,0,12.26,284
Ranchi,25,24.9,27.69,22.58,45.8,0,33.77,58
Ranchi,26,37.73,41.55,34.27,85.63,0,20.95,57
Ranchi,27,20.79,21.98,19.69,87.03,0,31.74,205
Ranchi,28,39.49,39.84,37.53,79.5,0,19.97,161
Ranchi,29,21.74,24.26,20.86,44.48,0,28.77,119
Ranchi,30,38.04,38.98,36.58,88.8,0,21.1,126
Howrah,1,25.17,25.39,23.19,52.85,0,28.01,223
Howrah,2,40.68,42.87,39.25,77.12,0,14.13,55
Howrah,3,33.43,37.03,33.13,53.78,0,23.45,201
Howrah,4,23.97,24.89,22.96,59.09,0,19.92,287
Howrah,5,38.94,40.29,37.67,48.56,0,31.85,279
Howrah,6,25.02,25.22,22.18,77.61,144.09,27.59,135
Howrah,7,28.59,31.02,25.14,75.17,0,17.03,273
Howrah,8,36.23,39.78,33.26,53.17,0,17.61,126
Howrah,9,32.29,32.75,28.33,84.81,0,13,83
Howrah,10,38.96,39.1,36.27,79.89,145.48,21.19,156
Howrah,11,32.28,33.15,30.75,75.68,103.02,33.22,94
Howrah,12,25.95,29.51,25.49,44.71,19.24,18.33,215
Howrah,13,27.64,30.74,25.45,43.2,0,7.4,253
Howrah,14,40.19,43.53,36.74,41.65,0,7.33,226
Howrah,15,41.55,42.76,41.19,41.51,28.79,32.29,112
Howrah,16,21.1,21.19,19.39,88.43,0,6.95,285
Howrah,17,21.35,25.2,17.58,86.2,0,14.62,116
Howrah,18,20.09,22.62,17.21,71.08,0,32.72,228
Howrah,19,24.6,26.31,23.46,40.99,0,18.83,129
Howrah,20,28.2,30.44,24.72,59.34,73.55,27.12,205
Howrah,21,38.14,40.48,36.94,37.06,24.81,30.11,199
Howrah,22,35.76,38.59,32.31,50.76,0,34.09,253
Howrah,23,34.76,36.84,31.1,53.17,74.32,23.25,124
Howrah,24,41.82,44.11,38.84,70.66,132.63,28.33,121
Howrah,25,36.7,38.33,34.75,42.6,0,13.01,192
Howrah,26,35.75,37.08,34.1,71.29,0,9.9,146
Howrah,27,21.06,24.89,18.79,52.68,0,24.16,64
Howrah,28,28.52,30.91,28.2,52.79,0,26.05,147
Howrah,29,27.01,30.55,24.03,63.09,52.29,30.01,141
Howrah,30,21.39,22.04,17.43,39.39,0,31.8,54
Coimbatore,1,36.55,36.55,32.86,49.86,8.1,10.13,78
Coimbatore,2,36.76,37.53,34.25,85.35,111.52,16.52,127
Coimbatore,3,35.56,38.78,32.29,87.44,0,17.23,163
Coimbatore,4,23.71,27.12,22.93,82.92,106.63,17.12,243
Coimbatore,5,24.23,25.37,21.21,74.31,0,6.53,237
Coimbatore,6,41.17,42.84,40.7,72.47,0,33.98,295
Coimbatore,7,22.6,24.46,19.85,88.86,7.33,25.16,68
Coimbatore,8,21.33,25.18,18.99,89.04,0,6.32,300
Coimbatore,9,33.6,36.7,31.8,87.16,0,15.19,212
Coimbatore,10,24.85,28.32,23.31,46.71,45.5,27.24,242
Coimbatore,11,27.62,28.22,24.93,45.37,0,17.6,254
Coimbatore,12,34.13,36.71,30.97,80.62,136.67,7.97,170
Coimbatore,13,31.21,34.98,29.31,52.09,0,10.16,148
Coimbatore,14,39.16,39.61,37.61,74.78,0,16.41,144
Coimbatore,15,34.26,36.09,32.83,44.31,0,29.66,52
Coimbatore,16,32.21,32.7,30.17,55.55,0,24.8,62
Coimbatore,17,33.57,35.58,30.55,42.98,0,25.52,272
Coimbatore,18,39.29,42.5,36.11,73.16,45.64,16.89,265
Coimbatore,19,26.7,27.5,23.11,66.8,0,30.33,291
Coimbatore,20,20.62,24.17,18.94,86.95,0,15.35,227
Coimbatore,21,20.89,22.7,18.95,39.77,138.08,31.82,254
Coimbatore,22,38.52,40.83,34.53,85.34,81.19,14.98,288
Coimbatore,23,32.66,34.64,31.66,42.91,0,19.29,57
Coimbatore,24,41.03,41.35,38.41,87.09,0,28.25,232
Coimbatore,25,37.69,40.73,37.44,72.5,0,23.34,283
Coimbatore,26,20.24,23.82,16.26,37.9,0,25.05,238
Coimbatore,27,31.51,33.41,31.01,77.98,0,26.96,227
Coimbatore,28,20.48,22.06,17.72,55.71,144.2,15.41,208
Coimbatore,29,38.14,40.77,38.13,46.97,65.06,33.32,102
Coimbatore,30,24.38,26.13,21.18,69.07,13.85,12.58,250
Jabalpur,1,39.44,40.58,36.83,64.98,0,13.29,72
Jabalpur,2,25.09,28.04,24.9,52.98,24.55,8.96,260
Jabalpur,3,37.25,37.3,36.26,81.21,0,19.08,118
Jabalpur,4,37.36,38.7,36.88,35.52,102.45,5.63,148
Jabalpur,5,40.68,42.74,38.81,76.73,0,6.42,257
Jabalpur,6,33.7,36.98,29.88,85.71,0,35,265
Jabalpur,7,29.9,30.44,29.54,81.06,12.64,16.12,56
Jabalpur,8,40.05,43.57,36.31,75.62,86.17,34.99,121
Jabalpur,9,40.9,44.74,37.59,84.45,86.53,27.65,177
Jabalpur,10,38.97,42.38,38.18,58.51,98.89,14.95,106
Jabalpur,11,36.53,38.44,34.07,47.18,147,33.82,289
Jabalpur,12,41.01,42.46,38.91,59.01,131.18,7.06,50
Jabalpur,13,30.12,32.08,28.05,62.44,0,13.52,70
Jabalpur,14,30.14,32.03,28.91,53.4,0,8.57,157
Jabalpur,15,40.51,41.25,38.79,60.66,0,21.13,272
Jabalpur,16,27.56,31.39,24.44,69.22,0,14.54,121
Jabalpur,17,20.15,22.03,20.1,62.1,0,5.49,220
Jabalpur,18,30.26,32.4,29.44,76.69,0,13.58,292
Jabalpur,19,41.12,43.39,39.84,72.23,25.22,21.9,183
Jabalpur,20,24.59,27.05,24.22,39.51,0,33.67,194
Jabalpur,21,24.14,26.96,21.69,82.05,0,21.97,176
Jabalpur,22,27.5,29.54,23.93,53.89,0,21.76,142
Jabalpur,23,37.16,37.49,35.31,81.77,13.21,33.38,93
Jabalpur,24,22.21,22.22,18.67,36.62,83.15,34.41,162
Jabalpur,25,22.08,23.45,21.39,66.52,0,24.76,186
Jabalpur,26,28.67,30.16,27.05,51.03,0,28.57,89
Jabalpur,27,38.28,38.48,37.18,64.39,32.92,20.24,267
Jabalpur,28,34.65,35.31,32.77,73.66,0,32.58,56
Jabalpur,29,23.06,26.94,19.39,49.97,128.64,9.54,123
Jabalpur,30,30.67,33.2,28.63,53.63,0,34.2,237
Gwalior,1,26.28,27.02,25.58,85.95,0,7.21,130
Gwalior,2,37.3,40.34,36.21,51.46,27.47,24.71,158
Gwalior,3,41.69,41.96,40.43,52.4,137.43,6.79,90
Gwalior,4,31.39,31.68,31.35,74.57,147.34,9.86,135
Gwalior,5,20.75,24.52,19.61,77.77,29.47,15.84,175
Gwalior,6,30.47,34.34,29.65,59.75,0,17.78,165
Gwalior,7,27.27,31.16,25.99,56.13,12.41,19.39,80
Gwalior,8,31.76,35.29,31.23,71.39,0,13.63,71
Gwalior,9,35.28,37.1,34.38,84.61,121.03,29.36,264
Gwalior,10,34.54,36.62,31.35,51.28,137.86,24.57,222
Gwalior,11,30.31,34.12,26.56,74.34,0,24.07,255
Gwalior,12,33.9,35.55,30.24,35.91,102.47,25.98,284
Gwalior,13,28,31.08,25.6,49.3,137.96,31.72,221
Gwalior,14,30.62,31.85,29.73,69.42,0,8.33,124
Gwalior,15,33.24,37.13,31.72,79.25,38.72,20.44,240
Gwalior,16,38.26,38.76,35.2,54.61,0,17.64,284
Gwalior,17,22.49,25,20.31,60.26,0,11.04,274
Gwalior,18,32.67,34.3,31.88,70.28,0,20.03,283
Gwalior,19,35.78,36.12,35.45,57.39,148.2,30.24,104
Gwalior,20,30.8,34.14,29.05,43.27,0,34.41,140
Gwalior,21,28.65,30.84,28.12,82.91,0,5.48,76
Gwalior,22,25.7,27.11,23.91,68.49,0,14.64,277
Gwalior,23,21.06,22.05,20,37.43,0,17.13,278
Gwalior,24,36.06,36.3,33.44,44.14,0,24.5,116
Gwalior,25,31.25,34.38,29.47,52.44,0,5.92,151
Gwalior,26,21.96,25.58,19.68,85.89,15.34,10.06,72
Gwalior,27,31.94,33.42,31.02,67.49,0,25.74,247
Gwalior,28,29.42,30.79,29.32,37.69,0,17.81,94
Gwalior,29,36.34,37.51,34.33,47.14,0,5.14,215
Gwalior,30,32.11,34.44,29.19,83.45,0,14.1,62
Vijayawada,1,38.09,41.27,36.89,41.82,68.12,29.64,218
Vijayawada,2,20.55,22.41,18.73,51.76,0,27.26,99
Vijayawada,3,23.29,26.43,21.52,79.25,0,32.66,227
Vijayawada,4,23.78,26.49,22.93,55.79,0,30.42,54
Vijayawada,5,41.42,44.4,39.04,65.53,0,27.6,225
Vijayawada,6,36.37,38.27,32.49,76.48,126.23,34.76,88
Vijayawada,7,36.51,37.29,34.01,89.14,0,10.83,60
Vijayawada,8,25.94,26.37,25.78,62.82,48.93,14.15,175
Vijayawada,9,20.48,23.31,17,81.46,0,9.32,225
Vijayawada,10,40.47,41.32,36.47,73.68,0,33.17,52
Vijayawada,11,30.33,31.07,26.7,47.03,0,9.8,54
Vijayawada,12,24.76,26.79,21.22,57.37,0,7,60
Vijayawada,13,26.99,28.42,23.02,49.26,111.87,20.22,184
Vijayawada,14,32.36,33.11,29.68,69.36,0,24.43,201
Vijayawada,15,20.36,21.94,20.03,82.83,0,31.57,201
Vijayawada,16,20.85,24.3,20.5,68.59,0,17.92,144
Vijayawada,17,41.26,44.6,38.3,72.18,130.98,26.99,152
Vijayawada,18,31.14,33.81,29.63,82.24,65.21,30.52,187
Vijayawada,19,27.94,28.36,27.5,36.77,0,10.42,158
Vijayawada,20,41.85,44.4,41.57,47.05,0,31.06,175
Vijayawada,21,29.46,31.49,27.37,41.33,0,28.25,97
Vijayawada,22,36.39,39.49,33.2,61.43,0,12.56,219
Vijayawada,23,23.64,26.83,23.48,42.54,0,13.07,134
Vijayawada,24,39.86,40.06,38.44,64.27,0,27.85,106
Vijayawada,25,39.17,40.78,36.27,73.93,0,15.42,63
Vijayawada,26,28.91,30.89,26.59,54.76,116.45,23.34,160
Vijayawada,27,23.65,24.41,22.95,37.51,0,34.51,52
Vijayawada,28,20.3,22.29,17.45,50.05,0,5.76,125
Vijayawada,29,41.22,42.73,40.74,88.66,0,32.47,133
Vijayawada,30,28.1,31.56,25.75,40.26,64.21,23.24,140
Jodhpur,1,26.22,29.19,25.09,47.81,110.74,13.61,294
Jodhpur,2,25.15,25.41,24.36,53.86,0,29.03,236
Jodhpur,3,40.1,43.19,37.32,67.12,0,27.74,191
Jodhpur,4,22.55,23.24,18.97,45.42,0,29.61,272
Jodhpur,5,24.87,27.42,20.9,53.34,0,30.77,103
Jodhpur,6,36.81,37.79,32.9,46.79,0,19.27,118
Jodhpur,7,27.95,30.96,24.95,76.08,0,28.18,58
Jodhpur,8,23.5,25.65,19.86,62.53,0,21.27,101
Jodhpur,9,38.72,39.99,36.51,56.68,130.26,22.67,97
Jodhpur,10,28.35,29.5,26.51,57,86.8,28.41,294
Jodhpur,11,22.11,23.03,21.16,67.07,0,8.15,294
Jodhpur,12,22.51,22.58,19.13,66.62,94.15,31,78
Jodhpur,13,25.18,25.2,21.6,52.49,0,26.84,210
Jodhpur,14,36.77,39.75,35.36,78.29,81.96,34.82,168
Jodhpur,15,30.11,30.72,26.29,84.51,0,17.87,284
Jodhpur,16,41.51,45.39,40.47,38.14,100.5,20.06,53
Jodhpur,17,29.46,29.82,26.63,86.17,0,28.65,87
Jodhpur,18,21.26,24.68,20.17,85.98,0,21.91,53
Jodhpur,19,20.53,22.91,18.05,43.85,0,10.06,282
Jodhpur,20,30.85,33.44,26.98,55.18,123.88,11.2,54
Jodhpur,21,31.52,33.61,27.9,76.83,0,21.12,175
Jodhpur,22,23.98,24.74,20.06,45.59,0,31.01,186
Jodhpur,23,23.29,24.17,21.88,46.79,0,27.16,222
Jodhpur,24,33.8,37.56,31.75,40.75,0,19.24,80
Jodhpur,25,33.45,33.8,32.22,68.48,76.04,10.92,250
Jodhpur,26,23.19,26.39,21.86,81.06,21.86,25.81,94
Jodhpur,27,39.45,42.03,35.56,55.9,79.71,14.95,279
Jodhpur,28,26.75,27.85,25.48,45.68,133.11,13.22,164
Jodhpur,29,20.44,21.72,16.6,43.46,0,34.21,199
Jodhpur,30,20.4,23.11,18.15,38.26,0,16.94,256
Madurai,1,33.23,34.54,31.01,45.72,11.19,18.34,205
Madurai,2,25.11,27.34,25.06,51.32,0,7.29,164
Madurai,3,38.8,39.4,36.89,43.75,100.89,29.62,51
Madurai,4,26.93,30.2,25.5,56.63,0,7.94,280
Madurai,5,20.36,23.28,18.93,80.77,0,24.27,129
Madurai,6,21.99,22.86,20.34,77,114.9,32.75,284
Madurai,7,31.41,32.37,31.03,49.14,0,20.67,196
Madurai,8,29.05,32.61,28.27,63.04,35.1,8.17,70
Madurai,9,23.76,25.14,23.19,76.55,115.83,8.83,276
Madurai,10,28.42,28.93,25.41,80.75,0,13.31,125
Madurai,11,28.42,29.27,27.72,54.64,106.68,24.92,125
Madurai,12,38.94,42.8,38.37,77.21,0,15.02,166
Madurai,13,30.03,32.82,26.55,80.71,37.46,31.78,205
Madurai,14,37.07,40.68,34.07,51.13,25.49,25.94,291
Madurai,15,24.83,27.86,23.41,54.99,0,8.05,126
Madurai,16,39.32,39.81,38.84,73.04,0,24.53,196
Madurai,17,22.14,24.81,19.4,52.66,55.42,8.54,296
Madurai,18,40.17,42.32,39.79,58.51,0,20.82,213
Madurai,19,28.19,30.11,28.03,41.74,0,22.78,270
Madurai,20,39.9,42.23,39.06,54.01,0,30.03,218
Madurai,21,23.58,26.86,22.06,72.21,0,28.89,276
Madurai,22,35.56,38.02,35.34,80.65,0,26.19,177
Madurai,23,24.8,25.27,21.96,49.44,134.11,17.81,147
Madurai,24,24.24,27.69,20.94,64.37,0,10.04,154
Madurai,25,33.64,35.52,31.72,48.97,0,10.43,138
Madurai,26,26.51,29.08,22.63,68.17,99.97,8.05,89
Madurai,27,33.34,36.86,30.39,73.97,0,31.85,257
Madurai,28,25.77,27.54,24.59,37.28,0,5.59,205
Madurai,29,23.82,24.91,20.01,56.7,0,17.73,66
Madurai,30,38.41,40.35,36.92,40.06,0,15.65,154
Raipur,1,27.37,29.49,23.98,39.94,0,24.71,249
Raipur,2,40.21,41.89,38.63,53.67,83.88,26.78,184
Raipur,3,22.62,23.57,22.02,45.98,0,34.3,140
Raipur,4,32.56,33.72,31.73,38.88,0,31.77,209
Raipur,5,26.97,29.62,25.39,53.1,72.68,28.88,217
Raipur,6,28,30.17,27,70.11,0,13.27,188
Raipur,7,34.11,38.05,31.16,56.15,0,26.16,90
Raipur,8,40.43,42.25,39.75,51.27,20.09,17.58,79
Raipur,9,24.94,27.71,21.05,46.04,0,8.65,103
Raipur,10,31.76,31.89,29.25,42.04,0,26.71,90
Raipur,11,20.85,23.18,17.07,70.34,0,6.32,233
Raipur,12,31.9,35.18,28.66,78.41,0,21.57,212
Raipur,13,23.6,25.85,23.14,53.83,0,29.8,175
Raipur,14,36.24,40.11,33.32,87.19,0,31.43,187
Raipur,15,41.44,41.89,39.34,39.15,0,28.89,207
Raipur,16,40.15,43.39,38.55,50.25,68.98,13.67,61
Raipur,17,36.68,36.96,35.85,48.95,0,32.62,222
Raipur,18,41.62,44.47,37.77,86.66,0,19.26,240
Raipur,19,34.67,37.98,34.58,55.93,116.77,10.55,296
Raipur,20,27.71,31.62,24.67,69,98.08,8.74,178
Raipur,21,26.08,29.06,23.18,68.56,35.71,30.8,288
Raipur,22,25.23,27.62,21.87,85.04,110.24,5.16,300
Raipur,23,31.97,34.92,28.46,66.73,0,15.66,112
Raipur,24,41.11,43.53,38.46,70.44,0,18.58,186
Raipur,25,39.65,40.29,36.57,37.48,119.4,33.73,111
Raipur,26,29.49,32.72,26.24,78.2,0,34.38,209
Raipur,27,38.12,38.93,37.02,47.99,76.01,29.26,181
Raipur,28,23.27,23.41,22.08,84.19,0,13.67,84
Raipur,29,39.27,40.29,38.97,41.97,111.8,29.42,204
Raipur,30,41.04,44.8,37.76,73.45,0,20.76,241
Kota,1,28.2,29.92,26.49,35.24,44.63,9.08,210
Kota,2,39.98,40.48,37.48,77.48,0,31.52,218
Kota,3,25.09,26.63,23.34,64.99,130.69,8.95,97
Kota,4,26.95,27.86,25.08,39.49,70.2,24.45,292
Kota,5,38.51,40.75,37.67,75.18,57.17,26.5,53
Kota,6,39.61,40.57,37.52,45.82,0,26.94,123
Kota,7,21.04,24.9,20.15,64.6,0,8.48,262
Kota,8,35.12,38.69,33.54,66.95,0,20.51,90
Kota,9,39.7,43.59,36.96,63.97,45.18,18.29,212
Kota,10,28.02,30.74,25.93,37.9,0,34.78,171
Kota,11,29.9,30.77,27.35,67.53,108.73,8.25,104
Kota,12,38.58,39.88,38.24,72.43,0,26.56,76
Kota,13,34.42,38.26,32.03,84.24,0,24.27,93
Kota,14,40.3,40.48,38.36,40.26,0,28.34,292
Kota,15,38.91,39.25,35.69,71.13,0,17,60
Kota,16,28.64,31.87,27.9,63.97,0,27.85,53
Kota,17,39.78,40.87,37.94,58.23,74.91,20.98,285
Kota,18,34.42,34.46,33,40.83,0,10.8,237
Kota,19,22.85,24.06,19.48,67.14,0,24.66,189
Kota,20,30.07,30.33,27.41,50.55,0,19.05,175
Kota,21,31.73,33.26,30.35,76.12,0,13.71,158
Kota,22,22.65,24.51,21.87,58.42,53.68,10,108
Kota,23,26.87,29.78,22.93,85.61,0,28.85,121
Kota,24,26.02,29.04,24.82,63.31,88.04,19.71,155
Kota,25,39.33,41.38,36.55,54.71,0,7.49,142
Kota,26,32.77,35.66,29.88,73.73,0,18.34,85
Kota,27,38.76,42.74,38.07,40.38,129.56,31.77,272
Kota,28,41.68,43.68,41.44,76.31,72.28,23.64,77
Kota,29,36.25,37.12,33.16,57.93,0,20.26,87
Kota,30,35.45,38.61,35.02,43.75,0,12.37,267
Chandigarh,1,32.24,34.81,31.11,87.74,0,15.33,265
Chandigarh,2,21.1,21.65,20,45.01,0,16.14,226
Chandigarh,3,23.41,24.18,20.65,37.82,80.35,5.79,83
Chandigarh,4,32.85,34.56,31.05,76.24,0,18.53,74
Chandigarh,5,22.15,24.71,20.93,62.79,0,23.77,196
Chandigarh,6,36.12,37.31,32.55,67,0,24.64,212
Chandigarh,7,22.11,22.52,21.63,75.23,0,18.76,97
Chandigarh,8,30.12,32.8,29.95,70.49,0,16.95,243
Chandigarh,9,33.03,35.33,32.88,80.69,0,9.35,93
Chandigarh,10,21.19,21.33,17.56,62.86,0,26.4,237
Chandigarh,11,24.99,26.78,21.01,60.45,0,20.21,261
Chandigarh,12,21.29,21.64,17.8,82.25,0,20.77,243
Chandigarh,13,40.61,41.3,38.48,84.1,82.59,11.4,184
Chandigarh,14,30.27,34.11,26.94,64.84,0,21.96,115
Chandigarh,15,27.21,27.54,25.3,39.11,132.23,33.98,229
Chandigarh,16,33.26,37.24,32.55,82.28,35.76,26.12,290
Chandigarh,17,29.71,30.91,26.83,74.98,0,21.51,212
Chandigarh,18,22.99,25.46,22.83,67.27,0,13.88,178
Chandigarh,19,29.57,29.95,27.36,38.39,0,24.46,229
Chandigarh,20,21.39,22.61,19.8,36.86,81.71,24.69,132
Chandigarh,21,41.09,43.6,39.69,43.57,0,7.06,99
Chandigarh,22,32.94,33.1,30.02,37.44,103.6,18.85,88
Chandigarh,23,33.89,36.05,30.19,61.38,120.97,34.49,192
Chandigarh,24,35.72,39.02,35.72,63.72,0,15.79,119
Chandigarh,25,33.18,34.65,30.94,52.23,0,8.95,261
Chandigarh,26,27.21,27.56,25.94,58.13,105.91,25.55,256
Chandigarh,27,40.82,44.7,38.39,50.49,0,12.76,290
Chandigarh,28,33.03,35.19,30.74,73.24,0,25.54,257
Chandigarh,29,24.28,27.75,22.89,54.5,55.78,24.04,205
Chandigarh,30,33.94,37.55,31.47,42.94,0,33.4,76
Guwahati,1,27.72,29.41,26.89,62.61,0,33.34,142
Guwahati,2,36.17,39.04,35.23,62.61,46.61,13.49,200
Guwahati,3,40.56,42.71,37.96,47.67,0,20.9,126
Guwahati,4,30.16,30.26,26.39,36.45,0,14.67,245
Guwahati,5,40.56,43.43,38.95,53.91,0,10.18,102
Guwahati,6,39.29,42.84,36.28,83.78,49.21,29.59,228
Guwahati,7,29.43,31.3,28.14,66.31,0,29.07,84
Guwahati,8,35.72,36.86,34.81,67.08,0,9.66,57
Guwahati,9,23.1,24.75,20.72,82.71,146.94,10.14,153
Guwahati,10,36.55,39.5,34.99,72.82,12.39,24.79,194
Guwahati,11,34.23,37.27,34.02,81.63,74.4,21.45,247
Guwahati,12,30.5,32.61,29.02,83.1,0,22.61,261
Guwahati,13,35.26,38.57,33.36,73.95,103.07,11.21,192
Guwahati,14,27.94,28.65,25.33,37.6,0,34.64,136
Guwahati,15,33.02,35.81,32.31,60.17,46.99,20.27,275
Guwahati,16,25.41,26.41,22.06,59.87,0,27.12,63
Guwahati,17,33.95,35.15,33.01,57.21,0,17.64,107
Guwahati,18,38.42,38.55,35.6,87.66,26.48,25.38,103
Guwahati,19,28.01,28.69,27.15,58.29,19.27,19.26,74
Guwahati,20,25.84,29.77,22.29,69.65,0,5.55,188
Guwahati,21,34.8,34.92,32.82,66.98,0,26.42,188
Guwahati,22,22.66,26.39,19.97,88.48,143.39,32.66,230
Guwahati,23,39.04,39.96,35.36,39.97,0,34.66,63
Guwahati,24,23.92,25.99,23.82,65.41,0,20.31,265
Guwahati,25,38.4,39.31,34.75,47.96,0,17.23,272
Guwahati,26,35.33,38.86,34.14,74.52,0,5.16,260
Guwahati,27,29.09,29.92,25.16,85.06,0,19.85,74
Guwahati,28,26.42,26.47,25.84,41.35,0,32.15,285
Guwahati,29,29.99,32.31,29.76,58.71,0,16.05,89
Guwahati,30,38.74,42.64,37.07,62.43,17.53,22.26,69
Solapur,1,27,28.89,24.81,75.47,76.03,20.76,264
Solapur,2,37.86,39.27,36.23,36.69,0,28.29,107
Solapur,3,25.3,27.24,23.74,58.43,4.94,21.69,296
Solapur,4,40.26,42.83,39.02,68.33,0,18.81,82
Solapur,5,38.02,40.67,34.75,75.92,0,34.16,240
Solapur,6,41.35,44.16,38.77,85.52,0,32.41,207
Solapur,7,20.69,21.84,18.6,64.2,72.74,16.27,286
Solapur,8,40.9,41.43,38.67,68.8,0,12.85,98
Solapur,9,36.44,39.56,34.94,43.06,119.47,9.6,277
Solapur,10,35.19,36.45,31.44,78.49,0,19.48,89
Solapur,11,23.06,25.9,22.67,72.38,36.71,10.33,106
Solapur,12,38.29,39.51,35.78,51.88,0,31.3,51
Solapur,13,37.32,37.98,36.05,41.32,0,14.79,263
Solapur,14,41.97,44.57,41.19,67.25,0,21.77,65
Solapur,15,26.49,30.36,26.17,56.24,79.02,32.68,199
Solapur,16,26.61,29.75,23.78,38.18,146.83,12.16,86
Solapur,17,25.75,28.9,23.09,66.4,0,28.9,97
Solapur,18,28.6,30.17,24.76,59.26,0,10.11,167
Solapur,19,37.79,38.46,34.2,77.7,0,29.71,176
Solapur,20,29.05,29.63,28.69,45.25,0,24.58,124
Solapur,21,37.07,39.47,34.48,56.66,54.18,9.59,233
Solapur,22,29.29,30.33,28.79,48.54,106.06,10.28,187
Solapur,23,38.67,42.06,36.38,80.97,0,25.11,213
Solapur,24,25.17,28.21,25.15,38.28,0,9.97,116
Solapur,25,21.38,23.07,17.52,72.6,0,6.01,300
Solapur,26,21.24,24.69,19.26,48.12,48.83,6.57,168
Solapur,27,29.43,32.88,26.89,68.22,0,30.52,78
Solapur,28,40.59,41.43,39.8,64.39,0,9.34,232
Solapur,29,37.1,37.16,35.75,48.24,0,30.13,130
Solapur,30,21.71,24.81,20.71,42.45,102.07,22.01,265
Hubballi,1,35.82,36.54,33.79,74.69,89.28,27.13,183
Hubballi,2,39.83,42.79,39.65,71.7,119.08,14.11,224
Hubballi,3,36.31,37.7,33.76,59,0,20.76,138
Hubballi,4,28.07,31.37,27.13,48.75,0,25.11,165
Hubballi,5,21.78,23.88,21.24,69.98,0,16.78,157
Hubballi,6,20.69,20.97,18.11,38.9,2.35,13,230
Hubballi,7,41.51,45.48,40.54,37.68,145.09,17.75,225
Hubballi,8,27.48,31.29,27.33,79.03,0,15.11,126
Hubballi,9,40.54,42.54,37.06,81.83,15.92,23.11,240
Hubballi,10,22.51,23.21,20.29,73.14,0,14.54,272
Hubballi,11,31.19,31.7,28.66,40.76,0,13.73,212
Hubballi,12,31.53,32.81,30.85,76.12,56.09,31.46,168
Hubballi,13,32.5,33.14,31.7,71.07,0,23.12,160
Hubballi,14,39.15,41.24,35.2,40.37,0,14.21,282
Hubballi,15,36.19,37.41,34.09,77.19,18.6,24.25,125
Hubballi,16,39.44,41.9,38.18,56.87,20.31,20.96,83
Hubballi,17,39.59,41.02,36.2,64.84,0,23.26,248
Hubballi,18,23.18,25.11,19.63,38.98,0,30.98,105
Hubballi,19,39.82,42.65,38.16,57.93,0,15.39,206
Hubballi,20,26.94,30.43,25.49,35.15,103.75,20.1,275
Hubballi,21,29.36,30.97,27.95,60.31,100.26,23.16,94
Hubballi,22,22.76,24.94,19.3,85.91,0,13.99,241
Hubballi,23,25.14,28.52,24.38,50.69,73.27,5.65,136
Hubballi,24,31.4,32.94,30.75,83.03,0,19.97,52
Hubballi,25,26.05,28.24,24.05,53.66,56.4,31.63,263
Hubballi,26,40.64,41.53,37.64,36.41,57.07,19.83,259
Hubballi,27,26.25,26.38,22.85,73.52,24.02,29.36,215
Hubballi,28,34.62,36.51,33.62,51.38,0,31.38,267
Hubballi,29,35.04,36.21,32,37.92,0,24.09,289
Hubballi,30,20.48,23.42,16.69,58.47,33.09,16.64,75
Bareilly,1,28.32,31.12,27.53,80.19,0,8.84,228
Bareilly,2,21.97,25.3,19.57,48.81,0,30.39,170
Bareilly,3,27.64,27.85,26.51,53.23,0,18.97,127
Bareilly,4,30.25,32.27,28.93,76.96,93.45,21.07,185
Bareilly,5,21.58,24.95,19.5,88.55,0,27.7,154
Bareilly,6,32.66,34.46,28.73,63.73,0,12.72,107
Bareilly,7,21.66,24.16,18.3,81.28,0,22.59,237
Bareilly,8,36.34,40.22,33.58,51.55,0,25.35,209
Bareilly,9,23.12,23.22,20.15,84.33,0,15.99,55
Bareilly,10,20.77,21.71,18.12,79.79,0,26.45,152
Bareilly,11,26.8,29.21,24.23,63.32,6.63,8.87,200
Bareilly,12,36.84,38.33,32.99,62.14,87.98,16.78,298
Bareilly,13,22.73,22.8,22.2,39.17,0,15.91,149
Bareilly,14,28.44,31.18,27.4,86.77,0,33.97,233
Bareilly,15,28.69,31.2,26.4,76.03,2.67,33.97,182
Bareilly,16,25.01,26.58,24.02,46.18,0,14.83,189
Bareilly,17,32.57,34.78,30.07,71.14,0,22.72,143
Bareilly,18,29.11,30.33,26.94,60.03,0,21.31,57
Bareilly,19,35.7,39.22,31.99,87.15,0,18.26,265
Bareilly,20,27.92,29.4,26.58,37.26,0,23.35,90
Bareilly,21,31.42,34.09,30.25,88.11,0,6.4,156
Bareilly,22,37.23,39.03,35.51,48.47,0,15.67,264
Bareilly,23,23.68,26.68,19.92,48.57,0,25.78,186
Bareilly,24,33.42,33.56,30.13,57.34,0,16.78,123
Bareilly,25,20.85,20.92,18.37,44.93,135.78,21.65,207
Bareilly,26,31.61,34.21,28.2,48.73,0,34.44,125
Bareilly,27,35.09,38.1,33.17,37.52,34.68,26.75,215
Bareilly,28,26.82,28.5,24.46,53.56,0,34.76,206
Bareilly,29,41.39,43.6,38.23,80.48,0,16.45,83
Bareilly,30,25.2,27.29,23.04,70.16,137.02,22.3,215
Moradabad,1,29.67,29.68,28.17,48.54,0,17.16,196
Moradabad,2,37.67,39.18,35.48,80.06,0,31.87,140
Moradabad,3,30.54,32.15,28.11,64.9,28.37,28.08,269
Moradabad,4,27.45,27.58,24.61,50.46,0,22.26,245
Moradabad,5,35.4,36.13,33.74,84.48,129.04,12.61,142
Moradabad,6,41.48,42.33,40.32,35.99,67.11,15.5,292
Moradabad,7,26.74,27.05,26.05,45.04,0,30.13,180
Moradabad,8,33.59,34.96,32.3,56.37,135.25,18.69,133
Moradabad,9,41.33,43.45,38.11,89.59,110.41,19.06,104
Moradabad,10,37.45,40.47,34.84,71.8,0,19.96,227
Moradabad,11,25.38,26.44,21.44,52.65,0,14.79,300
Moradabad,12,26.1,29.42,23.48,41.04,0,30.17,79
Moradabad,13,32.71,34.6,29.89,78.29,0,9,279
Moradabad,14,29.71,30.03,27.13,76.9,0,31.29,68
Moradabad,15,23.99,24.72,20.4,56.86,62.33,28.23,222
Moradabad,16,29.73,31.71,28.56,60.35,90.02,24.18,113
Moradabad,17,32.88,36.4,30.02,37.06,0,23.9,103
Moradabad,18,35.14,36.79,32.94,75.29,111.77,15.85,74
Moradabad,19,32.5,35.34,28.68,61.58,12.87,34.38,138
Moradabad,20,24.76,25.56,21.48,86.8,87.62,5.69,266
Moradabad,21,22.66,25.81,19.7,69.44,55.5,24.69,298
Moradabad,22,35.49,37.01,33.57,82.07,1.93,10.46,128
Moradabad,23,35.62,37.43,34.39,40.42,0,19.43,58
Moradabad,24,30.18,32.83,27.18,37.68,0,13.55,119
Moradabad,25,40.97,42.86,37.78,76.83,129.18,15.44,215
Moradabad,26,31.09,34.25,29.07,67.26,5.8,13.47,245
Moradabad,27,21.79,25.29,21.7,71.82,0,17.46,84
Moradabad,28,22.8,25.9,21.04,78.49,0,34.64,84
Moradabad,29,21.15,22.72,17.55,69.94,149.35,8.35,214
Moradabad,30,31.97,32.92,29.7,76.88,0,22.85,140
Mysuru,1,28.66,29.17,28.55,52.6,24.59,26.74,284
Mysuru,2,26.13,28.51,23.43,72.84,0,26.16,57
Mysuru,3,28.25,31.63,25.31,66.41,0,34.8,173
Mysuru,4,25.93,29.11,24.95,77.38,108.24,29.57,139
Mysuru,5,37.59,39.14,34.45,40.89,50.02,34.15,188
Mysuru,6,38.94,40.05,36.51,54.44,0,16.11,119
Mysuru,7,29.27,32.66,28.81,53.13,62.18,12.77,200
Mysuru,8,37.28,39.89,33.9,87.11,0,27.5,195
Mysuru,9,27.33,28.37,23.8,72.14,25.04,7.04,112
Mysuru,10,20.82,24.07,19.93,55.87,0,22.88,258
Mysuru,11,40.62,42.94,37.73,52.96,144.2,31.07,276
Mysuru,12,26.39,29.49,22.79,84.79,50.3,24.67,227
Mysuru,13,37.69,41.24,35.67,86.25,0,20.22,78
Mysuru,14,38.45,38.62,36.97,75.68,94.92,21.84,174
Mysuru,15,30.16,31.69,27.99,41.17,0,6.42,236
Mysuru,16,41.8,42.74,40.35,66.99,0,12.29,156
Mysuru,17,28.68,31.52,28.05,45.11,0,7.27,89
Mysuru,18,28.86,29.64,26.84,58.07,0,13.78,196
Mysuru,19,29.1,29.94,28.31,75.96,0,27.99,55
Mysuru,20,35.07,36.07,33.39,62.67,0,27.94,64
Mysuru,21,37.31,40.54,36.99,69.07,0,10.23,187
Mysuru,22,24.73,27.51,23.21,39.92,0,30.52,240
Mysuru,23,23.01,23.67,20.77,87.57,26.98,27.52,62
Mysuru,24,23.58,23.64,23.41,49.35,67.52,13.46,139
Mysuru,25,38.36,42.06,36.95,54.35,87.29,17.45,74
Mysuru,26,33.94,35.91,33.25,53.03,0,15.91,127
Mysuru,27,37.44,39.27,33.66,72.43,12.45,20.74,109
Mysuru,28,28.47,32.25,25.54,51.43,0,26.6,79
Mysuru,29,34.16,37.42,32.39,69.36,74.99,11.73,217
Mysuru,30,33.05,33.81,30.15,42.02,55.63,34.24,148
